latitude,longitude,magnitude,deaths,affected,damages,type,risk
14.0,-91.0,8.0,2000.0,,25000.0,Earthquake,1
32.04,76.16,8.0,20000.0,,25000.0,Earthquake,1
33.05,71.4,8.0,20000.0,,100000.0,Earthquake,1
38.5,69.9,7.0,12000.0,,,Earthquake,1
44.05,6.14,6.0,46.0,,,Earthquake,0
36.0,4.0,6.0,12.0,,,Earthquake,0
-3.924,101.82,8.0,20.0,20.0,,Earthquake,0
28.0,104.0,7.0,1800.0,,,Earthquake,1
14.38,-90.22,6.0,2650.0,,,Earthquake,1
-7.0,116.0,7.0,15000.0,,,Earthquake,1
23.5,117.0,7.0,10000.0,,,Earthquake,1
36.888,105.606,9.0,180000.0,,25000.0,Earthquake,1
-28.553,-70.755,9.0,1000.0,,,Earthquake,1
31.295,100.75,7.0,5000.0,,,Earthquake,1
-1.29,-78.52,7.0,40.0,,,Earthquake,0
25.713,100.422,7.0,5000.0,,,Earthquake,1
-0.842,120.764,6.0,50.0,50.0,,Earthquake,0
37.645,102.489,8.0,40912.0,133894.0,,Earthquake,1
0.5,126.0,7.0,6.0,3075.0,,Earthquake,1
31.9,103.4,8.0,10000.0,,,Earthquake,1
6.1,94.7,7.0,9.0,20.0,,Earthquake,0
-0.557,118.881,8.0,,5630.0,,Earthquake,1
-36.305,-72.315,8.0,30000.0,58500.0,920000.0,Earthquake,1
5.552,-0.628,6.0,22.0,7630.0,,Earthquake,1
-31.432,-71.475,8.0,12.0,35.0,100000.0,Earthquake,0
-8.591,109.803,7.0,213.0,16096.0,,Earthquake,1
-31.372,68.436,7.0,10000.0,155000.0,100000.0,Earthquake,1
-26.5,-70.5,8.0,2.0,,,Earthquake,0
19.25,-69.0,8.0,73.0,,,Earthquake,1
-1.5,-78.2,7.0,6000.0,100000.0,20000.0,Earthquake,1
-38.0,-73.5,7.0,35.0,155.0,39000.0,Earthquake,0
-54.0,-71.0,8.0,6.0,18.0,5200.0,Earthquake,0
28.5,96.5,9.0,1500.0,,20000.0,Earthquake,1
-37.093,-72.866,8.0,12.0,40.0,500000.0,Earthquake,1
34.741,32.335,6.0,40.0,2600.0,,Earthquake,1
38.182,20.942,7.0,476.0,141277.0,100000.0,Earthquake,1
-22.1,-68.7,7.0,3.0,15.0,7310.0,Earthquake,0
36.283,1.467,7.0,1250.0,134250.0,6000.0,Earthquake,1
39.3,22.2,7.0,31.0,200.0,3150.0,Earthquake,0
30.0,101.8,8.0,39.0,113.0,,Earthquake,0
32.2,29.6,6.0,20.0,28.0,,Earthquake,0
36.664,25.957,8.0,53.0,100.0,,Earthquake,1
35.1,67.5,8.0,100.0,2000.0,25000.0,Earthquake,1
23.0,70.0,6.0,113.0,219.0,,Earthquake,1
-9.5,112.5,7.0,8.0,3361.0,,Earthquake,1
-38.143,-73.407,10.0,6000.0,2003000.0,550000.0,Earthquake,1
36.0,4.1,6.0,57.0,1250.0,,Earthquake,1
10.4,39.9,7.0,30.0,,,Earthquake,0
40.9,19.5,6.0,15.0,154.0,,Earthquake,0
5.173,-76.352,7.0,47.0,300.0,,Earthquake,0
38.8,-28.4,5.0,,1000.0,,Earthquake,0
-2.608,-125.952,8.0,71.0,15000.0,,Earthquake,1
-32.522,-71.233,7.0,400.0,20350.0,125000.0,Earthquake,1
35.7,4.4,6.0,2.0,49350.0,2000.0,Earthquake,1
39.4,24.0,6.0,38.0,30253.0,8000.0,Earthquake,1
-25.494,-70.55,8.0,4.0,3006.0,400.0,Earthquake,1
39.2,22.0,6.0,1.0,11050.0,4000.0,Earthquake,1
37.5,22.1,6.0,1.0,15123.0,14000.0,Earthquake,1
-3.7,119.3,6.0,71.0,100.0,,Earthquake,1
41.386,20.532,7.0,11.0,134.0,20000.0,Earthquake,0
2.849,-74.798,7.0,61.0,40200.0,600.0,Earthquake,1
43.2,-0.5,5.0,1.0,1100.0,,Earthquake,1
39.5,21.2,6.0,9.0,16583.0,5000.0,Earthquake,1
-8.965,113.017,6.0,54.0,8411.0,,Earthquake,1
17.412,73.885,7.0,177.0,52272.0,400.0,Earthquake,1
39.368,24.957,7.0,19.0,7618.0,600.0,Earthquake,1
-31.566,117.071,7.0,,4290.0,2600.0,Earthquake,1
0.157,119.802,8.0,200.0,,,Earthquake,1
22.317,111.8,6.0,3000.0,53810.0,,Earthquake,1
11.9,41.21,6.0,24.0,585.0,320.0,Earthquake,0
-3.201,118.904,7.0,64.0,6532.0,,Earthquake,1
24.185,102.543,7.0,10000.0,,,Earthquake,1
6.375,-77.438,7.0,,3006.0,400.0,Earthquake,1
-4.026,-80.542,7.0,29.0,88112.0,4000.0,Earthquake,1
21.7,73.0,5.0,26.0,200.0,,Earthquake,0
-32.601,-71.076,8.0,85.0,2348973.0,236400.0,Earthquake,1
10.679,-84.759,7.0,21.0,3745.0,200.0,Earthquake,1
28.4,104.1,7.0,20000.0,,,Earthquake,1
40.641,122.58,7.0,2000.0,,,Earthquake,1
32.455,78.43,7.0,47.0,,,Earthquake,0
36.61,67.79,6.0,50.0,90000.0,,Earthquake,1
39.57,117.978,8.0,242000.0,164000.0,5600000.0,Earthquake,1
0.782,79.804,7.0,10.0,,4000.0,Earthquake,0
15.324,-89.101,8.0,23000.0,4993000.0,1000000.0,Earthquake,1
-4.603,140.091,7.0,420.0,15000.0,25000.0,Earthquake,1
-8.17,114.888,7.0,573.0,454755.0,195000.0,Earthquake,1
-4.517,139.918,7.0,133.0,7000.0,,Earthquake,1
-11.164,118.378,8.0,185.0,3975.0,1200.0,Earthquake,1
-31.028,-67.767,7.0,70.0,40100.0,80000.0,Earthquake,1
40.739,23.229,6.0,50.0,600100.0,250000.0,Earthquake,1
40.5,142.5,8.0,18.0,24.0,,Earthquake,0
40.8,72.3,6.0,4562.0,125112.0,,Earthquake,1
39.09,42.3,6.0,3560.0,60000.0,,Earthquake,1
37.4,142.6,7.0,41.0,,,Earthquake,0
38.67,16.07,7.0,557.0,22100.0,,Earthquake,1
37.67,-122.48,8.0,700.0,84564.0,524000.0,Earthquake,1
23.6,170.5,7.0,1258.0,20452.0,,Earthquake,1
18.2,-76.8,7.0,1200.0,90000.0,30000.0,Earthquake,1
38.17,15.58,7.0,75000.0,150000.0,116000.0,Earthquake,1
33.55,48.48,8.0,5000.0,,,Earthquake,1
40.41,27.15,8.0,923.0,18195.0,,Earthquake,1
-14.2,-72.9,6.0,150.0,,,Earthquake,1
43.5,25.5,7.0,,,,Earthquake,0
39.2,139.8,7.0,94.0,1920.0,,Earthquake,1
42.02,13.26,8.0,29980.0,,60000.0,Earthquake,1
32.47,-115.33,6.0,6.0,,1000.0,Earthquake,0
8.29,124.4,8.0,100.0,,,Earthquake,1
18.06,-67.54,8.0,116.0,,29000.0,Earthquake,1
44.3,10.3,6.0,1400.0,,,Earthquake,1
35.413,139.298,8.0,143000.0,203733.0,600000.0,Earthquake,1
35.2,59.2,6.0,2200.0,,,Earthquake,1
31.922,35.633,6.0,268.0,,,Earthquake,1
35.632,135.013,7.0,3022.0,79540.0,40000.0,Earthquake,1
-41.55,172.25,8.0,17.0,,,Earthquake,0
37.8,57.8,7.0,3253.0,1121.0,,Earthquake,1
17.86,96.43,8.0,500.0,,,Earthquake,1
38.087,44.781,7.0,1360.0,,,Earthquake,1
40.922,15.377,6.0,1883.0,10000.0,5000.0,Earthquake,1
35.05,139.129,7.0,259.0,26122.0,,Earthquake,1
18.233,96.298,7.0,36.0,,,Earthquake,0
13.2,-85.7,6.0,1000.0,,15000.0,Earthquake,1
-39.659,176.42,7.0,256.0,11000.0,25000.0,Earthquake,1
11.117,161.11,8.0,50.0,,,Earthquake,0
33.62,117.97,6.0,116.0,,38500.0,Earthquake,1
39.224,144.622,8.0,3000.0,,,Earthquake,1
29.5,66.8,8.0,60000.0,25000.0,,Earthquake,1
24.3,124.3,6.0,3276.0,101588.0,,Earthquake,1
24.6,120.8,7.0,2746.0,156004.0,,Earthquake,1
39.508,33.872,7.0,149.0,800.0,,Earthquake,1
39.771,39.57,8.0,32962.0,,20000.0,Earthquake,1
39.7,10.4,6.0,13.0,,,Earthquake,0
39.209,27.164,6.0,60.0,68.0,,Earthquake,1
-10.5,-77.0,8.0,179.0,3500.0,,Earthquake,1
45.8,26.8,7.0,980.0,,10000.0,Earthquake,1
32.733,-115.5,7.0,9.0,,33000.0,Earthquake,0
22.408,99.814,7.0,15.0,,,Earthquake,0
40.87,36.732,7.0,3000.0,,,Earthquake,1
35.448,133.993,7.0,1400.0,23217.0,,Earthquake,1
-14.2,-71.5,5.0,200.0,,,Earthquake,1
40.916,33.562,8.0,4020.0,5000.0,40000.0,Earthquake,1
33.682,36.204,8.0,1223.0,80573.0,,Earthquake,1
40.696,32.992,8.0,3959.0,,,Earthquake,1
39.502,26.596,7.0,27.0,,,Earthquake,0
34.612,137.064,7.0,2306.0,22559.0,,Earthquake,1
24.927,63.601,8.0,4000.0,,25000.0,Earthquake,1
33.116,135.895,8.0,2000.0,,,Earthquake,1
53.492,-162.832,9.0,165.0,,25000.0,Earthquake,1
-8.41,-77.535,7.0,1400.0,,,Earthquake,1
39.826,54.648,7.0,400.0,,,Earthquake,1
39.3,41.2,6.0,840.0,,,Earthquake,1
33.621,58.643,7.0,400.0,,,Earthquake,1
-10.973,-74.725,8.0,233.0,,,Earthquake,1
36.5,136.0,7.0,5131.0,326000.0,1000000.0,Earthquake,1
10.5,122.0,8.0,72.0,,3500.0,Earthquake,1
37.95,58.32,7.0,110000.0,,25000.0,Earthquake,1
39.2,70.8,7.0,3500.0,,,Earthquake,1
39.0,40.5,7.0,320.0,355.0,,Earthquake,1
47.167,-122.617,7.0,8.0,,25000.0,Earthquake,0
-13.5,-72.0,6.0,83.0,200.0,,Earthquake,1
13.0,-87.5,6.0,500.0,,,Earthquake,1
13.3,-87.8,7.0,1100.0,,23000.0,Earthquake,1
40.8,33.4,7.0,54.0,150.0,,Earthquake,1
42.084,143.899,8.0,33.0,200.0,,Earthquake,0
36.5,35.5,5.0,20.0,,,Earthquake,0
39.9,41.7,6.0,103.0,250.0,,Earthquake,1
34.958,-118.998,8.0,12.0,200.0,60000.0,Earthquake,0
35.333,-118.917,6.0,2.0,270.0,10000.0,Earthquake,0
35.385,54.979,7.0,970.0,,,Earthquake,1
-3.552,-80.636,7.0,9.0,1020.0,,Earthquake,1
40.175,27.648,7.0,1200.0,50000.0,3570.0,Earthquake,1
13.0,123.9,7.0,13.0,101.0,,Earthquake,0
7.674,124.081,6.0,400.0,2000.0,5000.0,Earthquake,1
27.407,54.462,6.0,350.0,,,Earthquake,1
35.5,35.5,6.0,136.0,200.0,,Earthquake,1
16.5,-99.1,8.0,160.0,100.0,25000.0,Earthquake,1
36100.0,52700.0,7.0,2500.0,10000.0,15000.0,Earthquake,1
34.3,47.8,7.0,3000.0,5000.0,5000.0,Earthquake,1
45.5,99.5,8.0,1200.0,,,Earthquake,1
36.2,8.9,6.0,13.0,,,Earthquake,0
40.7,30.9,7.0,53.0,119.0,,Earthquake,1
34.4,47.9,7.0,191.0,984.0,,Earthquake,1
-16.5,-72.0,7.0,28.0,,,Earthquake,0
44.712,-111.215,7.0,28.0,,11000.0,Earthquake,0
18.22,-94.416,6.0,25.0,200.0,,Earthquake,0
30.45,-9.62,6.0,12000.0,25000.0,120000.0,Earthquake,1
-15.75,-72.75,8.0,63.0,200.0,,Earthquake,1
28.0,54.5,6.0,480.0,,20000.0,Earthquake,1
35.656,49.843,7.0,12000.0,103000.0,30000.0,Earthquake,1
41.4,15.5,6.0,16.0,30000.0,,Earthquake,1
32.6,21.0,5.0,300.0,5375.0,5000.0,Earthquake,1
38.67,139.195,7.0,25.0,35376.0,800000.0,Earthquake,1
60.908,-147.339,9.0,131.0,,311000.0,Earthquake,1
18.136,-100.605,7.0,45.0,4000.0,3000.0,Earthquake,1
40.203,28.206,7.0,23.0,13100.0,5000.0,Earthquake,1
23.2,120.6,7.0,107.0,62485.0,,Earthquake,1
13.5,-89.3,6.0,125.0,139720.0,35000.0,Earthquake,1
47.4,-122.3,7.0,7.0,,28000.0,Earthquake,0
-10.665,-78.228,8.0,120.0,108356.0,15000.0,Earthquake,1
29.706,80.935,6.0,80.0,20100.0,1000.0,Earthquake,1
39.235,41.572,7.0,2394.0,109500.0,20000.0,Earthquake,1
0.622,29.863,1.0,104.0,5510.0,1500.0,Earthquake,1
40.751,30.8,7.0,183.0,326073.0,3000.0,Earthquake,1
40.5,140.43,7.0,47.0,2781.0,131000.0,Earthquake,1
15.5,-92.7,6.0,15.0,500.0,,Earthquake,0
41.86,32.463,7.0,24.0,20200.0,,Earthquake,1
39.2,44.3,5.0,38.0,5100.0,1000.0,Earthquake,1
34.158,59.083,7.0,10000.0,79050.0,35000.0,Earthquake,1
37.702,13.033,6.0,224.0,55563.0,250000.0,Earthquake,1
12.1,-86.2,5.0,,2000.0,2000.0,Earthquake,1
-41.659,172.02,7.0,3.0,314.0,2669.0,Earthquake,0
-5.61,-77.086,7.0,11.0,420.0,100.0,Earthquake,0
37.1,57.9,6.0,50.0,48300.0,,Earthquake,1
-11.841,-75.051,7.0,150.0,3216.0,5000.0,Earthquake,1
38.515,28.546,7.0,53.0,350.0,,Earthquake,1
-9.183,-78.737,8.0,66794.0,3216240.0,530000.0,Earthquake,1
-4.999,145.396,7.0,15.0,4020.0,1750.0,Earthquake,1
37.733,55.885,7.0,176.0,10000.0,8000.0,Earthquake,1
-4.026,-80.542,7.0,29.0,15252.0,2000.0,Earthquake,1
39.098,29.57,7.0,1086.0,83448.0,55600.0,Earthquake,1
42.5,11.8,5.0,22.0,4220.0,41600.0,Earthquake,1
37.6,29.8,6.0,57.0,,,Earthquake,1
38.934,40.653,7.0,878.0,88665.0,5000.0,Earthquake,1
34.416,-118.37,7.0,65.0,2000.0,553000.0,Earthquake,1
28.415,52.765,7.0,5057.0,23458.0,1000.0,Earthquake,1
43.8,13.3,5.0,1.0,450.0,,Earthquake,0
12.184,-86.223,6.0,10000.0,720000.0,845000.0,Earthquake,1
36.0,73.4,6.0,100.0,5000.0,,Earthquake,1
-6.855,-76.726,6.0,12.0,1575000.0,20000.0,Earthquake,1
18.481,-102.996,8.0,56.0,390.0,,Earthquake,1
18.267,-96.598,7.0,500.0,,,Earthquake,1
13.372,122.787,7.0,14.0,64.0,450.0,Earthquake,0
34.522,138.74,7.0,30.0,73.0,,Earthquake,0
35.1,72.9,6.0,4700.0,50200.0,3255.0,Earthquake,1
-12.265,-77.795,8.0,78.0,43674.0,10000.0,Earthquake,1
-7.104,155.152,8.0,200.0,,,Earthquake,1
38.474,40.723,7.0,2385.0,53372.0,17000.0,Earthquake,1
6.262,124.023,8.0,6000.0,181348.0,134000.0,Earthquake,1
33.8,59.15,6.0,16.0,,,Earthquake,0
66.157,-16.582,6.0,1.0,6.0,,Earthquake,0
46.356,13.275,7.0,922.0,218222.0,3600000.0,Earthquake,1
-28.427,-177.657,8.0,,,,Earthquake,0
40.381,63.472,7.0,,,85000.0,Earthquake,0
41.13,43.01,5.0,2.0,6.0,,Earthquake,0
37.7,28.89,5.0,4.0,9050.0,,Earthquake,1
39.121,44.029,7.0,3840.0,216000.0,25000.0,Earthquake,1
-9.828,160.323,7.0,34.0,1001.0,,Earthquake,1
27.609,56.393,7.0,167.0,20682.0,,Earthquake,1
31.98,50.68,6.0,352.0,400200.0,,Earthquake,1
38.934,44.38,5.0,3.0,9.0,,Earthquake,0
30.95,56.47,6.0,589.0,500.0,,Earthquake,1
16.773,122.327,7.0,1.0,60030.0,100.0,Earthquake,1
45.772,26.761,8.0,1641.0,386300.0,2000000.0,Earthquake,1
-22.878,-175.9,7.0,1.0,5505.0,1200.0,Earthquake,1
38.56,40.02,5.0,30.0,,,Earthquake,0
34.809,139.259,7.0,25.0,2016.0,,Earthquake,1
38.391,15.066,6.0,5.0,900.0,,Earthquake,0
38.19,142.028,8.0,28.0,2500.0,865000.0,Earthquake,1
16.4,43.5,6.0,1200.0,8700.0,,Earthquake,1
10.5,-68.0,7.0,100.0,,,Earthquake,1
42.1,21.3,6.0,1070.0,3300.0,1000000.0,Earthquake,1
10.559,-67.33,7.0,240.0,81536.0,140000.0,Earthquake,1
42.1,19.3,5.0,1.0,15030.0,38600.0,Earthquake,1
44.9,17.3,6.0,15.0,286116.0,50000.0,Earthquake,1
-33.268,19.386,6.0,9.0,1000.0,24000.0,Earthquake,0
48.29,9.01,6.0,,235.0,150000.0,Earthquake,1
14.321,-90.082,5.0,,2040.0,,Earthquake,1
1.598,-79.358,8.0,579.0,11042.0,8000.0,Earthquake,1
42.096,19.209,7.0,35.0,350.0,,Earthquake,0
31.452,119.241,5.0,42.0,572532.0,,Earthquake,1
41.145,108.129,6.0,,2104.0,,Earthquake,1
4.805,-76.217,7.0,60.0,600.0,20000.0,Earthquake,1
36.195,1.354,7.0,2633.0,930317.0,5200000.0,Earthquake,1
38.815,-27.78,7.0,69.0,21900.0,5000.0,Earthquake,1
-1.948,-80.017,6.0,8.0,40.0,,Earthquake,0
39.203,22.729,6.0,1.0,17.0,5000.0,Earthquake,0
8.117,-72.527,5.0,10.0,,5000.0,Earthquake,0
39.481,20.699,6.0,2.0,450.0,,Earthquake,0
30.927,101.098,7.0,150.0,25850.0,,Earthquake,1
38.222,22.934,7.0,22.0,80400.0,900000.0,Earthquake,1
36.148,69.011,7.0,500.0,38000.0,1000.0,Earthquake,1
40.883,19.59,6.0,1.0,5005.0,5000.0,Earthquake,1
31.907,99.931,6.0,10.0,5.0,,Earthquake,0
9.652,-83.688,7.0,2.0,5060.0,5000.0,Earthquake,1
-26.535,-70.563,7.0,4.0,1524.0,1000.0,Earthquake,1
35.206,115.213,5.0,34.0,18700.0,,Earthquake,1
2.461,-76.686,5.0,250.0,36200.0,410900.0,Earthquake,1
8.717,-83.123,7.0,10.0,475.0,1000.0,Earthquake,0
11.866,-13.529,6.0,275.0,21436.0,,Earthquake,1
38.294,20.262,6.0,,487.0,,Earthquake,0
-33.053,-68.467,7.0,6.0,45238.0,,Earthquake,1
-33.135,-71.871,8.0,180.0,1482275.0,1500000.0,Earthquake,1
25.926,102.871,6.0,22.0,300.0,,Earthquake,0
39.431,75.224,7.0,67.0,16100.0,,Earthquake,1
36.46,6.791,6.0,30.0,,1000.0,Earthquake,0
15.299,-90.863,5.0,,5000.0,,Earthquake,1
-19.022,-69.991,7.0,5.0,5112.0,1000.0,Earthquake,1
0.151,-77.785,7.0,5000.0,150000.0,1500000.0,Earthquake,1
-0.978,-78.05,6.0,2.0,6.0,,Earthquake,0
41.529,79.318,6.0,,2085.0,,Earthquake,1
24.924,115.608,5.0,,185084.0,,Earthquake,1
35.964,1.374,4.0,1.0,3152.0,1000.0,Earthquake,1
37.938,20.932,6.0,,25.0,,Earthquake,0
13.881,-90.45,7.0,5.0,500.0,,Earthquake,0
24.688,991.57,6.0,2.0,100.0,,Earthquake,0
38.111,106.336,6.0,,50060.0,,Earthquake,1
22.789,99.611,8.0,939.0,1270364.0,269000.0,Earthquake,1
36.443,2.759,5.0,,257.0,,Earthquake,0
13.881,-90.45,6.0,,1550.0,,Earthquake,1
33.386,57.434,7.0,25000.0,40000.0,50000.0,Earthquake,1
32.14,49.65,6.0,45.0,52.0,,Earthquake,0
16.01,-96.591,8.0,9.0,3850.0,,Earthquake,1
-1.679,136.04,8.0,2.0,5005.0,,Earthquake,1
-7.656,108.252,6.0,26.0,43200.0,16000.0,Earthquake,1
-3.299,102.712,7.0,5.0,1500.0,,Earthquake,1
-8.39,115.889,6.0,32.0,619.0,,Earthquake,0
33.897,59.472,7.0,199.0,5200.0,,Earthquake,1
33.918,59.741,7.0,350.0,15055.0,,Earthquake,1
33.962,59.726,7.0,16.0,23.0,,Earthquake,0
42.812,13.061,6.0,5.0,5000.0,,Earthquake,1
17.813,-101.276,8.0,5.0,7535.0,30000.0,Earthquake,1
-16.39,-72.658,7.0,13.0,1100.0,,Earthquake,1
32.913,75.633,6.0,13.0,40.0,,Earthquake,0
34.587,50.652,6.0,20.0,,5000.0,Earthquake,0
34.503,50.59,5.0,4.0,100.0,1000.0,Earthquake,0
35.4,51.26,6.0,26.0,,,Earthquake,0
40.914,15.366,7.0,4689.0,407700.0,20000000.0,Earthquake,1
35.45,139.964,6.0,2.0,73.0,1000.0,Earthquake,0
32.2,-115.122,6.0,2.0,60.0,,Earthquake,0
18.211,-98.24,7.0,65.0,6300.0,5000.0,Earthquake,1
29.598,81.092,7.0,100.0,240600.0,245000.0,Earthquake,1
-13.347,-74.545,5.0,7.0,3000.0,1000.0,Earthquake,1
-4.576,139.232,7.0,306.0,2682.0,5000.0,Earthquake,1
35.693,73.594,6.0,250.0,2000.0,5000.0,Earthquake,1
29.913,57.715,7.0,2000.0,3000.0,5000.0,Earthquake,1
30.013,57.794,7.0,1200.0,31000.0,1000000.0,Earthquake,1
41.051,14.601,5.0,12.0,,500.0,Earthquake,0
18.048,-102.084,7.0,3.0,28.0,,Earthquake,0
29.856,66.962,4.0,6.0,237.0,,Earthquake,0
-13.166,-74.522,5.0,10.0,12256.0,,Earthquake,1
-13.144,-74.376,5.0,8.0,15.0,,Earthquake,0
-8.405,123.08,6.0,13.0,8817.0,1450.0,Earthquake,1
4.374,97.755,5.0,,15000.0,3500.0,Earthquake,1
42.158,142.361,7.0,110.0,1100.0,1000.0,Earthquake,1
43.164,12.586,4.0,,5000.0,35000.0,Earthquake,1
16.558,-98.358,7.0,9.0,17.0,,Earthquake,0
-12.69,-76.065,6.0,3.0,,5000.0,Earthquake,0
18.231,120.86,7.0,19.0,1901.0,2227.0,Earthquake,1
35.953,52.264,5.0,30.0,7066.0,5000.0,Earthquake,1
35.5,139.07,5.0,1.0,28.0,,Earthquake,0
40.462,139.102,8.0,102.0,77.0,416000.0,Earthquake,1
5.723,94.722,7.0,,100.0,1000.0,Earthquake,0
36.948,49.18,6.0,3.0,416.0,5000.0,Earthquake,0
36.372,70.738,7.0,24.0,543.0,3000.0,Earthquake,0
-4.843,-78.103,5.0,10.0,,500.0,Earthquake,0
5.392,151.868,6.0,10.0,,,Earthquake,0
-4.13,136.049,6.0,10.0,7.0,,Earthquake,0
28.399,52.997,5.0,1.0,7080.0,,Earthquake,1
18.19,-102.533,8.0,9500.0,2130204.0,4104000.0,Earthquake,1
36.19,70.896,7.0,5.0,12038.0,2000.0,Earthquake,1
-9.159,-78.887,6.0,,400.0,,Earthquake,0
7.758,123.544,7.0,2.0,175.0,,Earthquake,0
-5.599,151.045,7.0,,,1000.0,Earthquake,0
-8.247,124.155,7.0,125.0,17100.0,5000.0,Earthquake,1
-6.088,147.689,7.0,1.0,4000.0,2625.0,Earthquake,1
2.244,98.866,6.0,2.0,15001.0,,Earthquake,1
34.076,48.266,5.0,2.0,50.0,,Earthquake,0
35.38,140.214,6.0,2.0,22652.0,,Earthquake,1
33.015,-115.852,7.0,2.0,3050.0,,Earthquake,1
-37.965,176.765,7.0,1.0,7025.0,210000.0,Earthquake,1
26.755,616.0,7.0,382.0,20003766.0,71500.0,Earthquake,1
29.974,51.679,6.0,1.0,10000.0,,Earthquake,1
30.89,50.194,6.0,,3030.0,,Earthquake,1
26.755,86.616,7.0,709.0,301016.0,60000.0,Earthquake,1
36.69,39.79,5.0,,2645.0,,Earthquake,1
42.096,19.209,7.0,121.0,310100.0,450000.0,Earthquake,1
42.255,18.752,6.0,,80.0,,Earthquake,0
43.294,20.837,6.0,,5100.0,,Earthquake,1
8.045,-72.441,5.0,,186.0,,Earthquake,0
44.849,17.312,6.0,,44.0,5000.0,Earthquake,0
13.332,-89.387,7.0,20.0,32500.0,5000.0,Earthquake,1
14.701,44.379,6.0,1507.0,401500.0,2000000.0,Earthquake,1
19.43,-155.454,6.0,,6.0,6250.0,Earthquake,0
39.042,48.714,5.0,,14000.0,5000.0,Earthquake,1
40.33,42.187,7.0,1346.0,834137.0,25000.0,Earthquake,1
36.219,-120.317,5.0,,1545.0,31000.0,Earthquake,1
41.959,21.54,5.0,12.0,,,Earthquake,0
36.19,70.896,7.0,,,,Earthquake,0
40.301,69.823,6.0,29.0,8080.0,,Earthquake,1
40.31,42.307,4.0,,579.0,,Earthquake,0
41.581,22.254,5.0,,1516.0,,Earthquake,1
26.0,46.5,6.0,1.0,225558.0,730000.0,Earthquake,1
41.431,43.737,6.0,2.0,4500.0,,Earthquake,1
34.061,-118.079,6.0,8.0,2200.0,213000.0,Earthquake,1
33.013,115.838,7.0,,94.0,4000.0,Earthquake,0
40.987,44.185,7.0,25000.0,1642000.0,14000000.0,Earthquake,1
41.246,19.63,6.0,,690.0,,Earthquake,0
36.788,2.448,6.0,22.0,12184.0,,Earthquake,1
-32.967,151.619,5.0,12.0,2115.0,1000000.0,Earthquake,1
21.861,89.763,5.0,1.0,100.0,,Earthquake,0
29.987,99.195,6.0,8.0,40107.0,164000.0,Earthquake,1
39.893,113.884,5.0,29.0,105140.0,,Earthquake,1
23.553,99.526,6.0,1.0,26591.0,54000.0,Earthquake,1
29.882,106.804,5.0,4.0,52800.0,,Earthquake,1
31.583,102.433,6.0,,21404.0,,Earthquake,1
45.841,26.668,7.0,1.0,,,Earthquake,0
6.47,-71.21,6.0,2.0,3071.0,,Earthquake,1
-4.511,139.022,6.0,120.0,17196.0,,Earthquake,1
1.031,126.189,5.0,,5500.0,,Earthquake,1
-8.081,125.129,6.0,,197.0,,Earthquake,0
30.167,50.921,6.0,100.0,217.0,,Earthquake,1
16.773,-99.328,7.0,3.0,350.0,,Earthquake,0
36.961,49.414,7.0,40000.0,710000.0,8000000.0,Earthquake,1
9.725,124.625,7.0,1.0,34504.0,900.0,Earthquake,1
-6.016,-77.229,7.0,200.0,100800.0,1000.0,Earthquake,1
1.186,122.857,8.0,5.0,7036.0,,Earthquake,1
11.76,121.899,7.0,4.0,15.0,,Earthquake,0
45.841,26.668,7.0,9.0,700.0,,Earthquake,0
38.993,70.423,6.0,300.0,204794.0,10000.0,Earthquake,1
-10.199,160.855,7.0,1.0,500.0,,Earthquake,0
38.465,68.694,5.0,274.0,12051.0,24800.0,Earthquake,1
37.036,-121.88,7.0,62.0,3757.0,5600000.0,Earthquake,1
19.362,-155.083,6.0,5.0,315.0,,Earthquake,0
11.038,-68.27,5.0,,2000.0,,Earthquake,1
45.841,26.668,7.0,4.0,,,Earthquake,0
47.892,85.12,7.0,1.0,20000.0,,Earthquake,1
47.949,84.958,6.0,,1508.0,,Earthquake,1
40.854,73.553,5.0,,3000.0,,Earthquake,1
42.15,42.44,7.0,270.0,251500.0,1700000.0,Earthquake,1
35.883,70.423,7.0,3.0,,,Earthquake,0
60.7,167.2,7.0,,,,Earthquake,0
37.457,68.273,5.0,1.0,5000.0,,Earthquake,1
33.961,-116.32,6.0,,32.0,100000.0,Earthquake,0
42.314,-122.01,6.0,2.0,3000.0,7500.0,Earthquake,1
-30.933,-71.22,7.0,8.0,53098.0,48000.0,Earthquake,1
41.101,45.14,4.0,,15000.0,33333.0,Earthquake,1
41.083,114.5,6.0,49.0,598000.0,285500.0,Earthquake,1
37.106,70.11,7.0,4700.0,116935.0,10000.0,Earthquake,1
37.075,70.089,6.0,2323.0,32818.0,10000.0,Earthquake,1
46.245,13.652,6.0,,,,Earthquake,0
38.717,48.507,6.0,1.0,700010.0,,Earthquake,1
38.65,-28.626,6.0,10.0,1100.0,72000.0,Earthquake,1
-17.731,-65.431,7.0,95.0,18050.0,,Earthquake,1
0.729,119.931,7.0,9.0,13000.0,1200.0,Earthquake,1
1.1,137.15,8.0,166.0,25638.0,4200.0,Earthquake,1
-0.593,-80.393,7.0,3.0,2040.0,,Earthquake,1
30.154,57.605,7.0,5.0,1500.0,,Earthquake,1
32.457,59.976,6.0,12.0,2935.0,,Earthquake,1
43.164,12.701,5.0,,905.0,,Earthquake,0
-12.584,166.676,8.0,,,,Earthquake,0
27.308,101.029,6.0,3.0,337443.0,70000.0,Earthquake,1
-2.961,141.926,7.0,2182.0,9867.0,,Earthquake,1
46.245,13.652,6.0,,700.0,,Earthquake,0
3.878,35.307,6.0,145.0,1589600.0,550000.0,Earthquake,1
36.479,71.086,6.0,,,,Earthquake,0
41.925,20.39,5.0,,2100.0,,Earthquake,1
26.373,104.021,5.0,,107084.0,22600.0,Earthquake,1
37.388,78.843,6.0,,25028.0,,Earthquake,1
39.66,77.343,6.0,3.0,111862.0,,Earthquake,1
34.259,69.364,6.0,70.0,91960.0,,Earthquake,1
40.802,47.448,5.0,1.0,9168.0,5000.0,Earthquake,1
21.544,91.895,5.0,6.0,15200.0,,Earthquake,1
41.131,114.658,5.0,,16003.0,,Earthquake,1
39.899,113.983,6.0,,3020004.0,44000.0,Earthquake,1
40.459,122.889,5.0,,800.0,,Earthquake,0
40.245,49.946,7.0,31.0,3294.0,10000.0,Earthquake,1
21.431,91.762,4.0,,1000.0,,Earthquake,0
25.607,101.063,6.0,7.0,1855007.0,73500.0,Earthquake,1
24.263,103.797,5.0,1.0,10302.0,483.0,Earthquake,1
40.498,122.994,5.0,,62030.0,,Earthquake,1
37.012,103.791,6.0,,100.0,,Earthquake,0
25.826,102.194,5.0,1.0,177611.0,43000.0,Earthquake,1
29.513,101.129,6.0,3.0,300109.0,24000.0,Earthquake,1
27.791,53.608,5.0,5.0,4355.0,,Earthquake,1
-2.071,124.891,8.0,33.0,6448.0,200000.0,Earthquake,1
-8.194,112.413,6.0,1.0,500.0,,Earthquake,0
33.199,47.225,5.0,,500.0,,Earthquake,0
4.461,-75.724,6.0,1186.0,1205933.0,1857366.0,Earthquake,1
18.386,-97.436,7.0,15.0,16200.0,226800.0,Earthquake,1
35.321,-1.281,6.0,22.0,15175.0,60929.0,Earthquake,1
38.193,-1.566,6.0,,20.0,44004.0,Earthquake,0
38.119,23.605,6.0,143.0,115139.0,4200000.0,Earthquake,1
15.782,88.33,7.0,2.0,280.0,,Earthquake,0
-6.845,105.555,7.0,5.0,16920.0,3900.0,Earthquake,1
30.512,79.403,7.0,100.0,477894.0,2000.0,Earthquake,1
28.343,57.193,7.0,1.0,2690.0,,Earthquake,1
29.501,51.88,7.0,20.0,4100.0,,Earthquake,1
36.92,54.9,5.0,,250.0,,Earthquake,0
16.1,96.7,8.0,31.0,115215.0,164800.0,Earthquake,1
18.324,-101.539,6.0,,6500.0,,Earthquake,1
-4.646,102.102,7.0,103.0,204714.0,41000.0,Earthquake,1
35.456,133.134,7.0,,7132.0,500000.0,Earthquake,1
-1.105,123.573,8.0,45.0,52770.0,30000.0,Earthquake,1
7.042,-77.829,7.0,2.0,430.0,,Earthquake,0
38.922,20.64,6.0,,600.0,,Earthquake,0
-6.675,106.845,5.0,,4124.0,2000.0,Earthquake,1
-6.549,105.63,7.0,,5500.0,,Earthquake,1
-4.612,101.905,7.0,1.0,3000.0,,Earthquake,1
35.288,58.218,5.0,1.0,2015.0,,Earthquake,1
35.217,58.175,5.0,,1000.0,,Earthquake,0
63.98,-20.758,7.0,,108.0,12000.0,Earthquake,0
63.966,-20.487,7.0,,91.0,12000.0,Earthquake,0
34.221,139.131,6.0,1.0,100.0,,Earthquake,0
18.198,-102.48,7.0,,1.0,,Earthquake,0
11.884,-85.988,5.0,7.0,7477.0,,Earthquake,1
13.049,-88.66,8.0,6.0,152.0,50.0,Earthquake,0
23.419,70.232,8.0,20005.0,6321812.0,2623000.0,Earthquake,1
36.479,71.086,6.0,1.0,611.0,,Earthquake,0
-16.423,168.214,8.0,12.0,14100.0,,Earthquake,1
-16.66,-72.662,7.0,1.0,1550.0,,Earthquake,1
40.758,31.161,7.0,845.0,224948.0,1000000.0,Earthquake,1
23.772,120.982,8.0,2264.0,108664.0,14100000.0,Earthquake,1
-13.64,-74.43,4.0,,6580.0,1100.0,Earthquake,1
15.766,119.74,7.0,6.0,190.0,1794.0,Earthquake,0
42.962,46.954,3.0,,6240.0,900.0,Earthquake,1
40.748,29.864,8.0,17127.0,1358953.0,20000000.0,Earthquake,1
40.709,30.045,6.0,6.0,422.0,,Earthquake,0
40.711,29.949,5.0,1.0,166.0,,Earthquake,0
23.445,120.506,6.0,1.0,254.0,800.0,Earthquake,0
48.786,142.246,7.0,,19108.0,920.0,Earthquake,1
-3.98,152.169,8.0,2.0,5000.0,,Earthquake,1
37.451,69.498,5.0,,6000.0,,Earthquake,1
39.566,54.799,7.0,11.0,,,Earthquake,0
38.164,38.777,5.0,1.0,1000.0,,Earthquake,0
40.693,32.992,6.0,2.0,23080.0,,Earthquake,1
-7.977,30.709,7.0,1.0,791.0,,Earthquake,0
38.3788333,-122.4133333,5.0,,25174.0,50000.0,Earthquake,1
13.049,-88.66,8.0,844.0,1334529.0,1500000.0,Earthquake,1
13.671,-88.938,7.0,315.0,256021.0,348500.0,Earthquake,1
23.419,70.232,8.0,12.0,914292.0,500.0,Earthquake,1
-9.278,33.766,4.0,,700.0,,Earthquake,0
36.424,70.881,6.0,,,,Earthquake,0
35.169,69.389,5.0,4.0,270.0,,Earthquake,0
36.429,70.438,6.0,150.0,3513.0,,Earthquake,1
36.062,69.315,6.0,1000.0,91228.0,,Earthquake,1
35.959,69.417,6.0,50.0,6150.0,,Earthquake,1
-28.937,-66.797,6.0,,727.0,,Earthquake,0
24.768,99.061,6.0,2.0,150190.0,31000.0,Earthquake,1
4.022,9.2,1080.0,30.0,1500.0,,Flood,1
27.689,101.003,6.0,2.0,10605.0,36000.0,Earthquake,1
24.455,102.66,5.0,,25000.0,,Earthquake,1
26.316,100.648,6.0,1.0,17220.0,,Earthquake,1
39.059,24.244,7.0,,300.0,,Earthquake,0
-6.99,108.275,5.0,,12512.0,,Earthquake,1
-4.68,102.562,7.0,,,,Earthquake,0
33.007,60.276,5.0,,1000.0,,Earthquake,0
34.083,132.526,7.0,2.0,11261.0,500000.0,Earthquake,1
-1.757,134.297,8.0,8.0,9082.0,,Earthquake,1
41.765,44.96,5.0,6.0,19156.0,350000.0,Earthquake,1
41.789,14.872,6.0,30.0,8533.0,796000.0,Earthquake,1
13.036,93.068,7.0,2.0,200.0,,Earthquake,0
30.916,99.927,5.0,,378.0,,Earthquake,0
39.736,97.443,6.0,2.0,65500.0,,Earthquake,1
30.2,31.41,4.0,,250.0,,Earthquake,0
37.747,21.087,6.0,,167.0,,Earthquake,0
-1.196,121.333,6.0,,2548.0,,Earthquake,1
-1.68,134.234,6.0,,155.0,,Earthquake,0
2.824,96.085,7.0,3.0,60.0,,Earthquake,0
28.093,51.755,5.0,1.0,780.0,,Earthquake,0
34.642,47.4,5.0,2.0,20056.0,,Earthquake,1
35.626,49.047,7.0,227.0,111300.0,300000.0,Earthquake,1
34.594,47.454,5.0,,15015.0,,Earthquake,1
31.995,49.329,6.0,,5.0,,Earthquake,0
37.67,15.267,4.0,,1009.0,,Earthquake,1
38.381,13.701,6.0,2.0,,500000.0,Earthquake,1
18.77,-104.104,8.0,29.0,178603.0,116300.0,Earthquake,1
39.61,77.23,6.0,268.0,517000.0,157000.0,Earthquake,1
-8.807,118.524,6.0,,2502.0,,Earthquake,1
29.59,51.474,5.0,,10080.0,,Earthquake,1
-6.884,146.388,6.0,,201.0,,Earthquake,0
-16.265,-73.641,8.0,145.0,349978.0,300000.0,Earthquake,1
-15.35,-72.516,6.0,2.0,155.0,,Earthquake,0
-14.258,-72.683,6.0,4.0,3965.0,,Earthquake,1
37.238,36.206,6.0,,480.0,,Earthquake,0
39.832,41.623,5.0,,131.0,,Earthquake,0
47.149,-122.7266667,7.0,1.0,400.0,2000000.0,Earthquake,1
24.279,122.179,7.0,4.0,500.0,25000.0,Earthquake,0
35.517,74.654,5.0,17.0,15065.0,,Earthquake,1
35.414,74.515,6.0,19.0,140782.0,,Earthquake,1
-17.6,167.856,7.0,,500.0,,Earthquake,0
-14.49,167.827,6.0,,503.0,,Earthquake,0
6.033,124.249,8.0,15.0,73451.0,1714.0,Earthquake,1
-3.302,142.945,8.0,4.0,4470.0,,Earthquake,1
36.429,70.438,6.0,3.0,,,Earthquake,0
-3.212,142.427,7.0,1.0,1000.0,,Earthquake,0
-1.684,29.077,5.0,45.0,1643.0,,Earthquake,1
42.436,21.466,6.0,1.0,100.0,,Earthquake,0
38.673,69.902,5.0,3.0,1050.0,,Earthquake,1
36.429,70.438,6.0,,500.0,,Earthquake,0
38.573,31.271,7.0,42.0,252327.0,95000.0,Earthquake,1
-2.907,33.733,6.0,2.0,2000.0,,Earthquake,1
35.893,70.62,5.0,1.0,1001.0,,Earthquake,1
39.5,39.878,6.0,1.0,2.0,,Earthquake,0
33.426,69.524,5.0,2.0,1040.0,,Earthquake,1
-3.393,29.558,5.0,3.0,120.0,,Earthquake,0
38.849,141.568,7.0,,2303.0,233000.0,Earthquake,1
41.774,143.593,7.0,2.0,773.0,563000.0,Earthquake,1
22.854,92.306,6.0,2.0,2525.0,,Earthquake,1
25.975,101.29,6.0,16.0,1295584.0,75000.0,Earthquake,1
19.777,-70.673,6.0,3.0,2015.0,,Earthquake,1
39.16,20.605,6.0,,50.0,,Earthquake,0
44.792,8.892,5.0,,232.0,561352.0,Earthquake,1
38.432,141.003,6.0,,18191.0,411000.0,Earthquake,1
36.964,3.634,7.0,2266.0,210261.0,5000000.0,Earthquake,1
37.529,96.476,6.0,,3300.0,,Earthquake,1
39.43,77.219,6.0,1.0,8003.0,,Earthquake,1
43.77,119.643,5.0,4.0,455500.0,167000.0,Earthquake,1
25.954,101.254,6.0,3.0,60056.0,60000.0,Earthquake,1
38.383,100.975,6.0,9.0,275043.0,40000.0,Earthquake,1
34.712,103.834,5.0,1.0,23369.0,,Earthquake,1
27.372,103.971,6.0,4.0,493065.0,,Earthquake,1
42.905,80.515,6.0,11.0,6018.0,1933.0,Earthquake,1
27.283,103.753,5.0,,10004.0,,Earthquake,1
8.416,-82.824,7.0,2.0,135.0,,Earthquake,0
36.939,3.578,6.0,9.0,200.0,,Earthquake,0
2.354,128.855,7.0,1.0,247.0,,Earthquake,0
1.142,128.152,6.0,,500.0,,Earthquake,0
35.476,60.784,5.0,,1091.0,,Earthquake,1
28.355,54.169,6.0,1.0,17525.0,21666.0,Earthquake,1
28.995,58.311,7.0,26796.0,267628.0,500000.0,Earthquake,1
31.953,49.209,5.0,,725.0,,Earthquake,0
42.946,72.764,6.0,3.0,36626.0,,Earthquake,1
37.226,138.779,7.0,40.0,62183.0,28000000.0,Earthquake,1
-3.615,135.538,7.0,37.0,14072.0,1000.0,Earthquake,1
-3.609,135.404,7.0,32.0,12833.0,55000.0,Earthquake,1
9.602,-84.172,6.0,8.0,280.0,,Earthquake,0
-8.152,124.868,8.0,33.0,83381.0,,Earthquake,1
36.29,51.61,6.0,35.0,498.0,165000.0,Earthquake,1
3.295,95.982,9.0,165708.0,532898.0,4451600.0,Earthquake,1
3.295,95.982,9.0,1.0,,100000.0,Earthquake,0
3.295,95.982,9.0,2.0,,500000.0,Earthquake,1
45.382,118.256,6.0,,190100.0,74000.0,Earthquake,1
27.266,103.873,5.0,4.0,120600.0,50000.0,Earthquake,1
25.073,99.169,5.0,,100012.0,,Earthquake,1
34.682,103.781,5.0,,22019.0,,Earthquake,1
37.506,96.758,6.0,,4199.0,,Earthquake,1
2.265,-76.595,5.0,1.0,502.0,,Earthquake,0
4.695,-77.508,7.0,,8036.0,,Earthquake,1
48.115,8.077,5.0,,150.0,12000.0,Earthquake,0
15.679,-61.706,6.0,,100.0,,Earthquake,0
36.852,3.418,5.0,,300.0,,Earthquake,0
36.848,3.448,5.0,,15.0,,Earthquake,0
15.679,-61.706,6.0,1.0,153.0,,Earthquake,0
-8.31,115.788,6.0,1.0,30040.0,12000.0,Earthquake,1
-0.466,100.655,5.0,5.0,507.0,,Earthquake,0
3.295,95.982,9.0,16389.0,654512.0,1022800.0,Earthquake,1
3.295,95.982,9.0,35399.0,1019306.0,1316500.0,Earthquake,1
33.807,130.131,7.0,1.0,3535.0,400000.0,Earthquake,1
33.637,130.179,6.0,,895.0,,Earthquake,0
2.085,97.108,9.0,915.0,105313.0,,Earthquake,1
-1.198,119.933,6.0,1.0,684.0,,Earthquake,0
37.103,54.574,5.0,,110.0,,Earthquake,0
30.754,56.816,6.0,612.0,94766.0,80000.0,Earthquake,1
50.038,87.813,7.0,3.0,1805.0,10600.0,Earthquake,1
9.355,-79.941,5.0,,340.0,,Earthquake,0
8.416,-82.824,7.0,2.0,1075.0,,Earthquake,1
39.007,40.464,6.0,177.0,290520.0,135000.0,Earthquake,1
38.111,28.887,5.0,,240.0,,Earthquake,0
38.221,26.958,6.0,,170.0,,Earthquake,0
35.7005,-121.1005,7.0,2.0,160.0,200000.0,Earthquake,1
34.774,73.216,6.0,24.0,13148.0,,Earthquake,1
46.296,13.641,5.0,1.0,605.0,10000.0,Earthquake,0
39.57,67.479,4.0,,180.0,,Earthquake,0
39.847,40.874,6.0,,32530.0,,Earthquake,1
3.295,95.982,9.0,102.0,27214.0,470100.0,Earthquake,1
3.295,95.982,9.0,80.0,5063.0,500000.0,Earthquake,1
3.295,95.982,9.0,8345.0,67007.0,1000000.0,Earthquake,1
35.142,-3.997,6.0,628.0,13465.0,400000.0,Earthquake,1
3.295,95.982,9.0,71.0,15700.0,500000.0,Earthquake,1
47.311,142.12,5.0,,138.0,,Earthquake,0
3.295,95.982,9.0,298.0,105083.0,100000.0,Earthquake,1
3.295,95.982,9.0,3.0,4830.0,30000.0,Earthquake,1
39.93,40.812,6.0,9.0,4030.0,,Earthquake,1
39.766,43.979,5.0,18.0,356.0,,Earthquake,0
3.295,95.982,9.0,10.0,,,Earthquake,0
37.622,43.703,6.0,2.0,422.0,,Earthquake,0
39.354,40.89,6.0,,2268.0,,Earthquake,1
-26.913,26.789,5.0,2.0,58.0,20000.0,Earthquake,0
34.539,73.588,8.0,1.0,,50.0,Earthquake,0
36.357,71.093,7.0,5.0,501.0,,Earthquake,0
37.255,68.828,6.0,1.0,935.0,,Earthquake,0
35.67,66.83,58310.0,19.0,5025.0,,Flood,1
35.62,63.54,5000.0,166.0,17580.0,,Flood,1
34.52,65.56,21480.0,21.0,615.0,,Flood,0
34.539,73.588,8.0,1309.0,156622.0,1000000.0,Earthquake,1
-19.987,-69.197,8.0,11.0,27645.0,5000.0,Earthquake,1
29.671,115.688,5.0,16.0,615500.0,,Earthquake,1
26.569,103.036,5.0,,18509.0,,Earthquake,1
26.774,55.858,6.0,13.0,100.0,,Earthquake,0
27.095,61.887,6.0,,21912.0,,Earthquake,1
34.04,117.03,22760.0,30.0,4120000.0,679000.0,Flood,1
-72.64,-37.26,5030.0,18.0,95862.0,,Flood,1
40.76,23.65,17970.0,1.0,3000.0,5659.0,Flood,1
-16.03,-63.43,955800.0,25.0,126096.0,35000.0,Flood,1
28.012,104.151,5.0,1.0,45551.0,,Earthquake,1
23.42,111.38,4210.0,21.0,4600024.0,,Flood,1
27.06,111.06,34990.0,29.0,2375016.0,,Flood,1
43.32,83.77,138200.0,20.0,2400.0,,Flood,1
23.34,102.64,24770.0,27.0,20004.0,,Flood,1
-4.24,15.43,1300.0,6.0,5000.0,,Flood,1
-2.23,-79.98,30150.0,16.0,57670.0,2800.0,Flood,1
-16.45,179.65,2370.0,4.0,224.0,500.0,Flood,0
0.626,99.859,6.0,8.0,1200.0,,Earthquake,1
1.07,124.66,33830.0,39.0,17539.0,25000.0,Flood,1
-5.17,120.11,3100.0,236.0,29231.0,55200.0,Flood,1
-3.29,115.49,23710.0,52.0,18250.0,,Flood,1
-6.85,108.59,73070.0,19.0,10000.0,27100.0,Flood,1
-7.84,111.86,19040.0,22.0,402.0,,Flood,0
19.17,83.65,31360.0,33.0,,,Flood,0
20.19,73.82,165400.0,350.0,4000065.0,3390000.0,Flood,1
-3.595,127.214,7.0,3.0,1202.0,,Earthquake,1
52.53,-82.09,7030.0,,2000.0,,Flood,1
26.75,118.57,76600.0,57.0,356000.0,393000.0,Flood,1
42.27,42.83,29220.0,,600.0,,Flood,0
-25.68,115.13,235.0,,500.0,,Storm,0
25.51,106.51,11680.0,50.0,12000.0,141000.0,Flood,1
-17.91,145.54,290.0,,7030.0,1180000.0,Storm,1
34.08,69.75,3116.0,54.0,8000.0,,Flood,1
-14.18,132.39,39370.0,,1100.0,,Flood,1
-3.86,29.67,2700.0,1.0,5000.0,,Flood,1
23.23,89.27,28080.0,,135775.0,,Flood,1
41.708,25.544,5.0,,527.0,,Earthquake,0
-22.56,-43.36,9335.0,12.0,,,Flood,0
2.81,-52.29,1164000.0,8.0,116000.0,,Flood,1
49.72,-56.05,730.0,,200.0,,Flood,0
53.54,-99.99,63270.0,,1000.0,,Flood,0
67.93,-99.99,3210.0,,300.0,,Flood,0
46.04,7.39,364.0,,3000.0,,Flood,1
23.282,101.693,5.0,,68761.0,6900.0,Earthquake,1
27.995,104.138,5.0,22.0,265106.0,,Earthquake,1
33.068,104.95,5.0,,130.0,,Earthquake,0
31.56,113.21,5.0,,20000.0,,Earthquake,1
43.469,119.558,5.0,,12000.0,291.0,Earthquake,1
24.66,102.18,1666.0,35.0,,,Flood,0
34.7,102.68,16920.0,15.0,,,Flood,0
26.92,106.58,175200.0,22.0,36900.0,36000.0,Flood,1
30.92,112.9,107400.0,3.0,350035.0,,Flood,1
26.2,112.75,58070.0,2.0,1410000.0,,Flood,1
24.73,116.87,36280.0,23.0,5000.0,,Flood,1
26.01,108.45,11360.0,6.0,270000.0,6500.0,Flood,1
47.73,128.9,1400.0,,4000.0,,Flood,1
22.35,109.4,20120.0,10.0,1400000.0,31000.0,Flood,1
39.04,106.59,1726.0,1.0,1200.0,,Flood,1
36.623,5.328,5.0,4.0,319.0,,Earthquake,0
27.67,-5.91,180500.0,1.0,60000.0,1200.0,Flood,1
9.67,42.19,4225.0,498.0,10096.0,3200.0,Flood,1
10.99,41.63,83390.0,,10000.0,,Flood,1
5.24,36.22,13560.0,364.0,8000.0,,Flood,1
6.89,-58.66,24224.0,,35000.0,169000.0,Flood,1
18.5,-73.48,6300.0,11.0,20010.0,,Flood,1
-7.961,110.446,6.0,5778.0,3177923.0,3100000.0,Earthquake,1
-8.261,118.753,6.0,1.0,114.0,,Earthquake,0
-9.284,107.419,8.0,802.0,35543.0,55000.0,Earthquake,1
0.55,123.01,890.0,,5000.0,,Flood,1
17.43,82.81,190900.0,20.0,,,Flood,0
26.6,94.02,47020.0,21.0,504000.0,,Flood,1
10.54,76.05,42690.0,32.0,10800.0,,Flood,1
18.73,75.23,395400.0,41.0,,,Flood,0
25.62,83.67,13110.0,130.0,300000.0,,Flood,1
22.41,71.31,170100.0,24.0,8400.0,,Flood,1
27.59,81.52,32700.0,42.0,100000.0,,Flood,1
14.13,79.93,40090.0,47.0,225000.0,,Flood,1
18.1,81.53,302800.0,185.0,2000000.0,,Flood,1
28.12,56.865,6.0,,7006.0,,Earthquake,1
33.5,48.78,6.0,63.0,161418.0,42262.0,Earthquake,1
30.79,56.7,5.0,,70.0,,Earthquake,0
38.69,47.88,18310.0,14.0,2800.0,16000.0,Flood,1
36.23,44.81,19960.0,20.0,18020.0,,Flood,1
34.21,45.49,77640.0,,41890.0,1300.0,Flood,1
33.25,64.89,304100.0,104.0,20000.0,,Flood,1
-16.97,-61.96,801000.0,40.0,339495.0,90000.0,Flood,1
-22.42,-44.0,210600.0,59.0,200080.0,125000.0,Flood,1
-8.57,120.76,3220.0,74.0,11556.0,,Flood,1
-8.87,13.36,1600.0,105.0,40000.0,,Flood,1
-31.99,-59.12,4000.0,5.0,70000.0,10000.0,Flood,1
35.64,4.2,7100.0,22.0,,13561.0,Flood,0
41.65,-0.65,42040.0,1.0,280.0,,Flood,0
-17.77,177.48,1690.0,1.0,900.0,30000.0,Flood,0
-0.488,100.53,6.0,67.0,137660.0,200000.0,Earthquake,1
-6.22,106.83,1800.0,68.0,217087.0,971000.0,Flood,1
13.835,-89.759,5.0,1.0,751.0,,Earthquake,0
34.539,73.588,8.0,73338.0,5128309.0,5200000.0,Earthquake,1
-19.987,-69.197,8.0,,,50.0,Earthquake,0
-5.678,-76.398,8.0,5.0,2505.0,,Earthquake,1
-6.319,146.846,6.0,1.0,200.0,,Earthquake,0
39.22,41.08,6.0,,354.0,,Earthquake,0
-6.224,29.83,7.0,2.0,5000.0,,Earthquake,1
-6.224,29.83,7.0,6.0,1505.0,,Earthquake,1
37.69,-99.99,44110.0,1.0,600.0,259000.0,Flood,1
22.15,-99.99,585.0,7.0,,12000.0,Flood,0
25.35,-111.81,215.0,7.0,10000.0,,Storm,1
24.47,-107.04,250.0,4.0,240700.0,2700.0,Storm,1
24.0,112.11,120.0,37.0,51680.0,3000.0,Storm,1
16.68,107.21,160.0,228.0,3842406.0,113000.0,Storm,1
17.02,121.82,230.0,34.0,283021.0,9077.0,Storm,1
19.878,-155.935,7.0,,3529.0,150000.0,Earthquake,1
8.9,-78.71,17730.0,11.0,4530.0,,Flood,1
10.33,106.74,195.0,1399.0,2562517.0,66400.0,Storm,1
35.34,136.22,47890.0,34.0,6232.0,,Flood,1
31.54,130.99,6130.0,8.0,4300.0,,Flood,1
37.56,127.17,9610.0,46.0,4630.0,,Flood,1
7.32,80.03,6890.0,25.0,333002.0,3000.0,Flood,1
1.87,103.22,18300.0,6.0,100000.0,22000.0,Flood,1
34.61,73.2,42570.0,40.0,2000.0,,Flood,1
12.44,124.77,1410.0,,415618.0,3395.0,Flood,1
-4.26,143.22,41560.0,,400.0,,Flood,0
-6.16,143.7,4700.0,1.0,300.0,,Landslide,0
37.56,127.17,55620.0,278.0,84500.0,,Flood,1
47.15,47.46,5540.0,14.0,5712.0,,Flood,1
45.26,20.75,35510.0,,35000.0,,Flood,1
18.18,100.15,78280.0,116.0,342895.0,25000.0,Flood,1
18.76,100.02,175800.0,164.0,2212413.0,9940.0,Flood,1
40.41,-75.78,122600.0,11.0,65000.0,1000000.0,Flood,1
17.76,106.15,119500.0,42.0,50020.0,8000.0,Flood,1
-24.53,17.98,16110.0,5.0,2100.0,8490.0,Flood,1
7.61,125.83,3680.0,2.0,40000.0,763.0,Flood,1
58.33,114.58,274800.0,,1300.0,125000.0,Flood,1
42.6,20.83,10090.0,,1200.0,,Flood,1
45.09,34.62,600.0,2.0,5000.0,23855.0,Flood,1
11.06,104.68,55860.0,5.0,33000.0,,Flood,1
43.16,-70.79,42910.0,2.0,2500.0,85000.0,Flood,1
37.21,-87.62,146000.0,14.0,1210.0,,Flood,1
15.1,43.88,91480.0,25.0,320.0,,Flood,0
18.37,94.95,240.0,34.0,60106.0,,Storm,1
34.74,-77.87,119.0,6.0,140.0,32860.0,Storm,0
2.25,37.53,538000.0,60.0,17300.0,,Flood,1
42.156,76.163,6.0,,12050.0,,Earthquake,1
11.43,103.53,11610.0,,5000.0,,Flood,1
32.15,-4.05,33210.0,6.0,1100.0,,Flood,1
19.91,95.45,188000.0,25.0,10000.0,,Flood,1
-21.324,33.583,7.0,4.0,1476.0,,Earthquake,1
17.75,-15.0,60.0,7.0,1619.0,,Flood,1
-15.96,34.51,2760.0,5.0,8000.0,,Flood,1
-14.59,35.12,64890.0,3.0,8000.0,,Flood,1
5.27,102.15,2590.0,,500.0,,Flood,0
6.94,6.35,724.0,,2000.0,,Flood,1
-45.69,170.37,4630.0,,1200.0,3000.0,Flood,1
25.03,67.12,2748.0,74.0,5050.0,,Flood,1
17.02,121.82,63470.0,4.0,256641.0,9600.0,Flood,1
7.17,125.57,630.0,1.0,1000.0,,Flood,0
-9.07,147.28,34450.0,1.0,12000.0,,Flood,1
49.5,20.93,27580.0,,500.0,,Flood,0
47.8,25.95,1120.0,30.0,600.0,,Flood,0
60.949,167.089,8.0,,12040.0,55000.0,Earthquake,1
50.78,87.14,144900.0,,420.0,7411.0,Flood,0
50.79,106.52,22760.0,,6000.0,,Flood,1
14.028,-89.785,4.0,,16470.0,,Earthquake,1
2.665,45.45,3845.0,5.0,2000.0,,Flood,1
3.1,45.44,22490.0,5.0,30000.0,,Flood,1
3.42,-56.48,27500.0,3.0,25000.0,,Flood,1
37.255,68.828,6.0,3.0,15427.0,22000.0,Earthquake,1
37.64,39.65,122300.0,47.0,63015.0,317000.0,Flood,1
39.74,41.1,69640.0,12.0,,,Flood,0
21.799,120.547,7.0,2.0,42.0,,Earthquake,0
24.07,120.79,14310.0,3.0,300.0,116130.0,Flood,1
-3.33,37.22,12430.0,,19000.0,,Flood,1
1.38,34.28,4050.0,3.0,1680.0,,Flood,1
41.41,-86.91,6780.0,2.0,2400.0,7000.0,Flood,1
31.76,-106.39,3610.0,,,100000.0,Flood,0
41.52,-81.09,4720.0,1.0,600.0,,Flood,0
62.45,-99.99,95940.0,,150.0,15500.0,Flood,0
60.88,-145.99,51560.0,,100.0,,Flood,0
47.86,-122.15,57890.0,2.0,1500.0,,Flood,1
16.68,107.21,148.0,71.0,1467925.0,624000.0,Storm,1
14.54,44.18,10710.0,5.0,2000.0,,Flood,1
-27.44,24.83,2500.0,6.0,4160.0,71000.0,Flood,1
-33.538,26.3,21840.0,6.0,3000.0,145000.0,Flood,1
37.336,136.588,7.0,1.0,41027.0,250000.0,Earthquake,1
-14.84,49.94,230.0,80.0,215198.0,240000.0,Storm,1
-8.466,157.043,8.0,52.0,2384.0,,Earthquake,1
6.71,80.95,10420.0,18.0,35000.0,,Flood,1
7.71,125.22,44620.0,9.0,24508.0,4080.0,Flood,1
7.44,99.65,290.0,38.0,,,Flood,0
15.1,43.88,25390.0,7.0,2000.0,,Flood,1
-18.49,46.34,438800.0,7.0,33000.0,,Flood,1
2.19,103.37,26380.0,17.0,137533.0,605000.0,Flood,1
-1.73,29.48,1340.0,10.0,500.0,9.0,Flood,0
34.88,-90.07,434.0,24.0,,,Flood,0
16.57,49.13,59870.0,36.0,618.0,,Flood,0
-4.36,16.17,45540.0,1.0,5500.0,,Flood,1
-32.87,151.38,11380.0,9.0,5000.0,1300000.0,Flood,1
30.28,107.78,43530.0,43.0,2300050.0,78000.0,Flood,1
23.92,91.23,7000.0,1110.0,13771380.0,100000.0,Flood,1
-22.72,-43.42,730.0,6.0,2272.0,,Flood,1
14.944,-61.274,7.0,,1.0,,Earthquake,0
24.1,100.16,165100.0,170.0,386000.0,40000.0,Flood,1
43.09,88.21,812700.0,29.0,350000.0,80000.0,Flood,1
-1.8,116.72,5690.0,11.0,17500.0,26000.0,Flood,1
27.72,104.07,32590.0,17.0,213000.0,5500.0,Flood,1
8.38,-75.59,69990.0,146.0,1504317.0,,Flood,1
7.38,-75.43,29770.0,13.0,3000.0,,Flood,1
4.5,-75.21,1940.0,24.0,2035.0,,Flood,1
14.6,-90.49,2300.0,11.0,656.0,,Flood,0
-1.74,121.49,4600.0,88.0,3389.0,,Flood,1
-7.54,111.33,50690.0,127.0,269515.0,,Flood,1
-1.08,116.72,5690.0,4.0,1000.0,,Flood,0
14.94,78.16,449300.0,127.0,200000.0,,Flood,1
31.24,76.53,191400.0,76.0,15000.0,,Flood,1
-45.243,-72.648,6.0,10.0,,,Earthquake,0
-4.438,101.367,8.0,25.0,459567.0,500000.0,Earthquake,1
-17.66,-65.3,218600.0,75.0,485000.0,500000.0,Flood,1
52.52,-0.76,23110.0,1.0,200.0,448000.0,Flood,1
34.95,5.79,78590.0,18.0,,29500.0,Flood,0
52.07,-2.1,24650.0,7.0,340000.0,4000000.0,Flood,1
-13.67,131.92,275.0,2.0,820.0,100000.0,Storm,0
22.61,90.15,250.0,4234.0,8978541.0,2300000.0,Storm,1
-12.95,24.37,290.0,4.0,1400000.0,,Flood,1
36.52,70.6,15490.0,23.0,2950.0,,Flood,1
37.01,70.73,27490.0,36.0,,,Flood,0
34.53,66.13,4110.0,9.0,2500.0,,Flood,1
36.29,68.85,25850.0,10.0,645.0,,Flood,0
35.28,71.14,62340.0,113.0,4000.0,,Flood,1
11.45,-4.39,2435.0,52.0,121043.0,,Flood,1
42.52,24.5,34010.0,2.0,1000.0,,Flood,0
-15.048,-44.231,5.0,1.0,286.0,,Earthquake,0
-30.25,-52.67,127400.0,4.0,4000.0,,Flood,1
54.18,-125.03,205000.0,,500.0,,Flood,0
-22.247,-69.89,8.0,2.0,25155.0,100000.0,Earthquake,1
23.028,101.052,6.0,3.0,329.0,342000.0,Earthquake,1
27.2,116.14,168600.0,,250000.0,13000.0,Flood,1
36.37,118.72,100100.0,26.0,2430000.0,,Flood,1
32.78,108.87,4380.0,11.0,17500.0,26000.0,Flood,1
2.966,-77.963,7.0,,175.0,,Earthquake,0
7.89,-74.91,189700.0,35.0,1162135.0,,Flood,1
10.27,-84.95,11460.0,,12500.0,,Flood,1
36.75,2.96,21400.0,14.0,1203.0,,Flood,1
39.89,-4.22,212700.0,1.0,550.0,400000.0,Flood,1
38.64,-0.27,5050.0,3.0,3600.0,,Flood,1
5.45,37.12,19510.0,,5800.0,,Flood,1
8.33,34.5,79620.0,17.0,239586.0,,Flood,1
51.085,1.009,5.0,,4501.0,60000.0,Earthquake,1
53.88,-0.91,27720.0,6.0,30000.0,4000000.0,Flood,1
41.74,25.62,52770.0,2.0,600.0,,Flood,0
14.828,-87.12,5.0,,1883.0,,Earthquake,1
18.55,-72.29,44.0,4.0,1500.0,,Flood,1
-7.783,114.338,5.0,,469.0,,Earthquake,0
-8.292,118.37,7.0,3.0,21800.0,,Earthquake,1
-0.19,116.92,34350.0,4.0,60000.0,,Flood,1
-3.28,120.2,2400.0,15.0,2000.0,,Flood,1
20.91,86.4,72010.0,80.0,7200000.0,275000.0,Flood,1
26.26,94.02,74890.0,15.0,200000.0,,Flood,1
22.02,72.25,61700.0,225.0,63000.0,,Flood,1
21.03,77.52,106600.0,62.0,10000.0,,Flood,1
20.05,81.86,74000.0,29.0,50000.0,,Flood,1
22.63,88.49,483900.0,1103.0,18700000.0,,Flood,1
22.68,70.93,133800.0,16.0,,,Flood,0
15.71,79.88,90280.0,94.0,20000.0,,Flood,1
12.73,79.7,76740.0,29.0,50000.0,,Flood,1
20.45,86.2,15360.0,15.0,500000.0,,Flood,1
27.58,95.26,103600.0,96.0,11100000.0,,Flood,1
10.39,76.31,21120.0,44.0,35000.0,101151.0,Flood,1
-35.86,-71.95,110500.0,5.0,40000.0,,Flood,1
-24.5,-47.88,23020.0,4.0,49506.0,,Flood,1
-22.37,-43.13,290.0,9.0,12870.0,,Flood,1
-5.36,-41.68,1120000.0,36.0,190000.0,360000.0,Flood,1
-25.1,-49.34,103400.0,151.0,1500015.0,750000.0,Flood,1
31.002,103.322,8.0,87476.0,45976596.0,85000000.0,Earthquake,1
4.33,-73.764,6.0,11.0,1754.0,10000.0,Earthquake,1
3.48,32.24,34760.0,93.0,59050.0,348000.0,Flood,1
-1.25,-79.66,75830.0,41.0,289122.0,1000000.0,Flood,1
37.963,21.525,6.0,2.0,3708.0,,Earthquake,1
25.18,91.54,350600.0,1063.0,7900000.0,123000.0,Flood,1
-21.56,147.03,105500.0,4.0,1200.0,275000.0,Flood,1
-7.13,112.37,11590.0,3.0,12000.0,,Flood,1
22.044,94.55,80590.0,47.0,2600000.0,20000.0,Flood,1
53.26,-1.8,47370.0,8.0,3000.0,50000.0,Flood,1
32.56,114.41,155.0,1.0,93006.0,73000.0,Storm,1
52.15,-81.96,3180.0,,2000.0,,Flood,1
-22.92,-61.66,88120.0,,85000.0,,Flood,1
-28.44,152.87,41560.0,1.0,3000.0,90000.0,Flood,1
-20.4,144.56,649500.0,,3200.0,600000.0,Flood,1
-22.46,149.54,44350.0,2.0,1000.0,1100000.0,Flood,1
21.02,90.21,59250.0,12.0,615638.0,,Flood,1
44.46,-77.47,22900.0,,400.0,,Flood,0
32.756,105.494,6.0,4.0,13529.0,,Earthquake,1
25.039,97.697,6.0,6.0,160.0,,Earthquake,0
26.241,101.889,6.0,40.0,1000589.0,492000.0,Earthquake,1
29.807,90.35,6.0,30.0,754.0,,Earthquake,0
23.97,97.569,5.0,,27169.0,,Earthquake,1
32.56,105.423,6.0,8.0,351000.0,,Earthquake,1
30.87,113.03,43960.0,3.0,780000.0,19000.0,Flood,1
22.62,101.55,24610.0,20.0,810000.0,42000.0,Flood,1
19.16,109.82,29940.0,3.0,50000.0,,Flood,1
9.0,-74.23,195400.0,76.0,1200091.0,,Flood,1
20.61,-76.17,35290.0,,20000.0,,Flood,1
7.585,33.31,69940.0,5.0,91764.0,,Flood,1
0.83,43.06,25490.0,11.0,23831.0,,Flood,1
52.92,-1.65,55860.0,,300.0,,Flood,0
7.01,-58.58,40000.0,,100000.0,,Flood,1
2.768,95.964,7.0,3.0,25.0,,Earthquake,0
-3.935,103.058,5.0,2.0,625.0,,Earthquake,0
1.271,122.091,7.0,6.0,10077.0,,Earthquake,1
-7.74,114.0,400.0,14.0,7000.0,,Flood,1
4.65,95.77,4200.0,,34514.0,,Flood,1
-6.23,106.83,2180.0,,1000.0,,Flood,0
-6.19,106.85,380.0,3.0,89761.0,,Flood,1
-7.71,112.91,810.0,3.0,40000.0,653.0,Flood,1
0.54,101.78,80090.0,,60000.0,,Flood,1
0.68,122.52,9851.0,16.0,118000.0,1080.0,Flood,1
-3.33,103.14,126700.0,24.0,15000.0,,Flood,1
16.65,81.38,75490.0,74.0,,,Flood,1
27.5,89.79,283800.0,142.0,225000.0,,Flood,1
42.24,-2.6,171.0,11.0,,3200000.0,Storm,1
22.16,89.09,90.0,190.0,3935341.0,270000.0,Storm,1
-3.19,-45.43,524400.0,56.0,1150900.0,550000.0,Flood,1
33.07,63.59,88520.0,39.0,60016.0,20000.0,Flood,1
-16.59,-44.89,1186000.0,16.0,1048.0,,Flood,1
4.36,-76.51,72650.0,23.0,31250.0,,Flood,1
10.165,-84.197,6.0,31.0,128618.0,200000.0,Earthquake,1
16.731,-86.217,7.0,7.0,50136.0,100000.0,Earthquake,1
-2.63,120.26,60610.0,18.0,12000.0,,Flood,1
-17.74,178.05,348.0,12.0,10556.0,43247.0,Flood,1
6.55,106.36,19200.0,64.0,1600.0,,Flood,1
-29.05,152.73,130.0,1.0,15000.0,60000.0,Storm,1
34.185,70.076,5.0,22.0,3309.0,,Earthquake,1
-9.84,14.15,61810.0,2.0,415.0,,Flood,0
-3.27,29.75,11710.0,,8000.0,,Flood,1
43.5,18.18,20490.0,,2630.0,,Flood,1
-18.76,-62.62,167900.0,,63000.0,,Flood,1
-16.7,23.32,571700.0,,3789.0,,Flood,1
47.16,-67.63,20490.0,,200.0,,Flood,0
43.236,80.893,5.0,,4549.0,3100.0,Earthquake,1
19.32,-70.14,14540.0,2.0,4565.0,44000.0,Flood,1
19.28,-70.08,15150.0,5.0,10000.0,8403.0,Flood,1
29.61,0.71,132800.0,33.0,2548.0,,Flood,1
19.56,-72.33,5754.0,11.0,9910.0,,Flood,1
-0.414,132.885,8.0,5.0,4250.0,10000.0,Earthquake,1
3.886,126.387,7.0,,3049.0,9000.0,Earthquake,1
37.535,138.446,7.0,9.0,14000.0,12500000.0,Earthquake,1
-13.386,-76.603,8.0,593.0,658331.0,600000.0,Earthquake,1
47.116,141.798,6.0,2.0,7512.0,420000.0,Earthquake,1
17.67,-92.41,35810.0,22.0,1600000.0,3000000.0,Flood,1
36.86,-94.64,1217000.0,26.0,2840.0,700000.0,Flood,1
14.64,-61.02,160.0,1.0,6.0,300000.0,Storm,1
17.08,122.01,170.0,29.0,443115.0,5000.0,Storm,1
8.796,124.83,129.0,20.0,35333.0,1000.0,Storm,1
38.936,70.485,5.0,11.0,7003.0,,Earthquake,1
47.09,-122.91,160.0,17.0,1128.0,1000000.0,Storm,1
31.69,130.9,250.0,5.0,40012.0,60000.0,Storm,1
38.53,126.61,29480.0,610.0,1170518.0,300000.0,Flood,1
32.84,-97.17,507800.0,8.0,5000.0,,Flood,1
-3.61,38.69,6200.0,4.0,2000.0,,Flood,1
40.63,73.83,17040.0,,845.0,200.0,Flood,0
6.49,80.08,3340.0,15.0,121000.0,50.0,Flood,1
27.78,84.08,56920.0,214.0,640706.0,2400.0,Flood,1
35.95,74.34,16540.0,22.0,,,Flood,0
8.796,124.833,11140.0,11.0,16463.0,2520.0,Flood,1
13.36,123.38,4600.0,20.0,,,Flood,0
-1.68,29.42,1180.0,20.0,4000.0,,Flood,1
39.35,69.46,58420.0,1.0,17184.0,,Flood,1
0.88,34.28,53520.0,13.0,40000.0,,Flood,1
2.98,45.43,13310.0,4.0,8000.0,,Flood,1
-16.81,35.24,1630.0,,180246.0,,Flood,1
46.76,25.6,32270.0,2.0,1400.0,,Flood,1
42.23,-74.95,6500.0,4.0,120.0,,Flood,0
14.54,-61.02,265.0,9.0,140000.0,600000.0,Storm,1
17.07,106.9,117.0,96.0,685430.0,191000.0,Storm,1
33.75,52.2,11600.0,12.0,,22000.0,Flood,0
34.807,136.239,5.0,,201.0,,Earthquake,0
-3.59,39.76,13870.0,2.0,651.0,,Flood,0
13.28,105.88,64580.0,2.0,19000.0,1000.0,Flood,1
33.4,126.72,930.0,3.0,1000.0,,Flood,0
6.51,-10.58,2330.0,1.0,17000.0,,Flood,1
14.944,-61.274,7.0,,,,Earthquake,0
7.72,81.4,7950.0,,250000.0,,Flood,1
16.91,96.13,15670.0,5.0,3000.0,,Flood,1
18.52,95.32,119100.0,,101920.0,,Flood,1
-19.06,34.36,57570.0,20.0,113535.0,100000.0,Flood,1
16.55,-11.32,9500.0,2.0,53620.0,,Flood,1
15.47,-13.97,162800.0,1.0,500.0,,Flood,0
14.944,-61.274,7.0,1.0,100.0,,Earthquake,0
10.29,11.75,630100.0,68.0,50000.0,,Flood,1
6.96,3.3,5270.0,6.0,5000.0,,Flood,1
34.98,72.23,12120.0,22.0,500.0,,Flood,0
34.27,71.87,130.0,130.0,2000.0,,Flood,1
17.57,121.76,25810.0,8.0,33884.0,2971.0,Storm,1
45.82,27.24,26860.0,7.0,1400.0,,Flood,1
62.34,130.46,313200.0,,14000.0,25752.0,Flood,1
12.91,33.77,1591000.0,150.0,565335.0,300000.0,Flood,1
11.82,51.02,310.0,21.0,2012.0,,Flood,1
11.54,19.05,454800.0,12.0,170000.0,,Flood,1
9.64,15.11,23500.0,3.0,3000.0,,Flood,1
17.21,100.34,38380.0,,1000.0,,Flood,0
16.82,102.48,139500.0,10.0,17000.0,,Flood,1
9.72,99.0,13140.0,2.0,100000.0,1500.0,Flood,1
36.95,9.71,6550.0,16.0,5000.0,,Flood,1
39.4,43.8,38490.0,13.0,750.0,,Flood,0
0.35,32.59,550.0,4.0,3000.0,,Flood,1
-32.77,-55.8,104100.0,2.0,119200.0,45000.0,Flood,1
30.24,-98.66,341.0,8.0,100.0,,Flood,0
33.45,-97.3,34750.0,10.0,750.0,28000.0,Flood,0
15.3,108.44,36820.0,55.0,150000.0,350000.0,Flood,1
15.87,107.78,24810.0,15.0,22000.0,10000.0,Flood,1
16.32,107.36,35110.0,83.0,94042.0,300000.0,Flood,1
11.01,105.51,46470.0,3.0,280000.0,,Flood,1
15.08,45.73,165100.0,50.0,,,Flood,0
13.16,122.6,170.0,644.0,4785460.0,284694.0,Storm,1
22.94,120.79,138.0,26.0,8.0,16000.0,Storm,0
39.63,-119.2,550.0,2.0,1500.0,,Flood,1
39.82,-92.33,320.0,7.0,70.0,1600000.0,Storm,1
39.03,140.881,7.0,23.0,448.0,167000.0,Earthquake,1
39.802,141.464,7.0,1.0,470.0,110000.0,Earthquake,1
0.05,35.12,37960.0,17.0,30770.0,,Flood,1
7.18,80.77,40670.0,25.0,362582.0,,Flood,1
7.83,80.82,43220.0,8.0,54323.0,,Flood,1
4.94,101.8,58100.0,,2000.0,,Flood,1
12.0,-86.37,34760.0,13.0,3525.0,,Flood,1
30.639,67.351,6.0,166.0,75320.0,10000.0,Earthquake,1
-10.11,-73.01,456900.0,40.0,450012.0,,Flood,1
11.64,125.22,21800.0,63.0,875343.0,30733.0,Flood,1
9.77,-66.4,61390.0,8.0,1500.0,,Flood,1
14.9,107.46,39090.0,29.0,12004.0,4000.0,Flood,1
20.74,106.32,74590.0,99.0,600000.0,479000.0,Flood,1
36.23,-89.15,565200.0,18.0,1000.0,2000.0,Flood,0
41.83,13.16,5425.0,3.0,,278000.0,Flood,1
-1.72,29.89,11140.0,,11346.0,,Flood,1
-18.69,46.9,230.0,93.0,524153.0,60000.0,Storm,1
35.05,-90.45,200.0,82.0,200000.0,30000000.0,Storm,1
15.54,49.78,133200.0,90.0,25064.0,400000.0,Flood,1
10.76,78.72,144300.0,37.0,10278.0,2000.0,Flood,1
33.86,48.59,5.0,,170.0,,Earthquake,0
26.743,55.828,6.0,6.0,20545.0,,Earthquake,1
39.24,44.69,7096.0,3.0,1280.0,,Flood,1
36.16,45.11,3310.0,4.0,600.0,,Flood,0
35.88,136.38,52420.0,5.0,50003.0,,Flood,1
42.3,68.55,51580.0,1.0,13000.0,130000.0,Flood,1
4.0,41.9,45130.0,3.0,6000.0,,Flood,1
-3.38,38.17,12190.0,,700.0,,Flood,0
-1.57,40.12,41800.0,16.0,8658.0,,Flood,1
2.83,37.67,21280.0,2.0,10000.0,,Flood,1
40.288,72.985,6.0,,3000.0,,Earthquake,1
39.533,73.824,7.0,74.0,1197.0,,Earthquake,1
8.57,80.8,103400.0,15.0,360000.0,,Flood,1
33.73,-4.77,146700.0,30.0,20000.0,,Flood,1
32.11,-7.11,23600.0,9.0,,,Flood,0
-22.92,34.03,126000.0,25.0,3500.0,,Flood,1
6.64,101.1,67570.0,,6000.0,,Flood,1
33.92,71.7,32490.0,36.0,200012.0,103000.0,Flood,1
30.74,72.63,165900.0,37.0,90752.0,,Flood,1
17.95,147.03,21770.0,10.0,239763.0,4088.0,Flood,1
17.2,121.8,24110.0,29.0,50000.0,,Flood,1
43.372,46.254,6.0,13.0,5235.0,,Earthquake,1
-2.296,28.9,6.0,36.0,643.0,,Earthquake,0
1.25,43.5,111900.0,,52000.0,,Flood,1
8.25,-64.88,30310.0,2.0,6548.0,,Flood,1
9.233,18.35,61820.0,,6450.0,,Flood,1
7.55,100.1,15650.0,21.0,700000.0,11500.0,Flood,1
41.1444,-114.8721,6.0,,2103.0,,Earthquake,1
42.84,-123.77,35110.0,,30000.0,,Flood,1
12.14,107.83,5300.0,4.0,500.0,,Flood,0
18.89,107.06,29580.0,9.0,20000.0,,Flood,1
42.334,13.334,6.0,295.0,56000.0,2500000.0,Earthquake,1
-8.14,-158.66,118000.0,21.0,7000.0,,Flood,1
38.51,71.29,62470.0,21.0,15000.0,1000.0,Flood,1
37.66,-81.28,16460.0,,900.0,,Flood,0
32.65,-6.16,188200.0,24.0,2000.0,,Flood,1
-17.69,46.42,210.0,12.0,62505.0,,Storm,1
47.61,24.93,19410.0,11.0,,,Flood,0
48.25,-97.03,39740.0,2.0,5060.0,166000.0,Flood,1
30.84,-85.23,82060.0,,1000.0,,Flood,0
-4.37,15.38,1950.0,32.0,1600.0,,Flood,1
-16.66,31.24,13370.0,3.0,15000.0,,Flood,1
-34.09,19.58,20100.0,,38000.0,,Flood,1
-15.94,27.77,2180.0,10.0,34766.0,,Flood,1
-20.78,31.24,53810.0,24.0,2000.0,,Flood,1
-29.67,31.09,25970.0,11.0,4000.0,1264.0,Flood,1
-2.296,28.9,6.0,11.0,17355.0,7000.0,Earthquake,1
9.24,29.66,81580.0,17.0,3000.0,,Flood,1
-8.207,118.631,7.0,1195.0,2501798.0,2200000.0,Earthquake,1
-22.98,-44.07,55640.0,74.0,1000.0,145000.0,Landslide,1
25.26,89.09,49030.0,6.0,500000.0,,Flood,1
-22.54,-43.12,47900.0,3.0,200.0,,Flood,0
25.31,112.71,542100.0,90.0,39372000.0,1000000.0,Flood,1
26.62,105.15,81300.0,12.0,118000.0,,Flood,1
30.86,101.18,201100.0,20.0,38.0,33000.0,Flood,0
-7.782,107.297,7.0,128.0,339792.0,160000.0,Earthquake,1
11.47,77.85,35730.0,70.0,8.0,64000.0,Flood,1
-15.489,-172.095,8.0,34.0,2500.0,,Earthquake,1
5.73,-0.1,9340.0,16.0,19755.0,,Flood,1
41.483,20.388,6.0,,150.0,,Earthquake,0
-32.99,-59.05,415000.0,7.0,30618.0,,Flood,1
-31.17,151.75,149300.0,,200.0,,Flood,0
47.4,15.71,2765.0,,,,Flood,0
44.87,17.48,6061.0,,1100.0,,Flood,1
-15.489,-172.095,8.0,11.0,12.0,,Earthquake,0
25.632,101.095,6.0,1.0,65336.0,315000.0,Earthquake,1
26.85,110.28,82900.0,11.0,106000.0,59000.0,Flood,1
54.0,-1.66,106600.0,3.0,3900.0,484000.0,Flood,1
42.66,43.443,6.0,,7306.0,,Earthquake,1
8.85,-0.99,73810.0,24.0,139790.0,,Flood,1
-0.72,99.867,8.0,2.0,1510.0,2430.0,Earthquake,1
15.71,78.23,309700.0,355.0,4100000.0,2150000.0,Flood,1
27.334,56.202,5.0,,269.0,,Earthquake,0
35.633,67.658,6.0,11.0,1070.0,,Earthquake,1
35.21,68.85,176799.0,65.0,5000.0,,Flood,1
-38.07,143.32,7093.0,,10000.0,,Flood,1
50.85,4.35,8458.0,3.0,690.0,238146.0,Flood,1
25.558,105.804,4.0,8.0,9.0,,Earthquake,0
43.5,6.6,7700.0,25.0,,1500000.0,Flood,1
18.42,73.77,3836.0,27.0,22085.0,,Flood,1
-2.174,136.543,7.0,17.0,4600.0,,Earthquake,1
-2.14,114.97,106460.0,21.0,15007.0,,Flood,1
33.53,76.12,145000.0,196.0,12725.0,,Flood,1
26.73,82.84,38537.0,200.0,3267183.0,1680000.0,Flood,1
-36.122,-72.898,9.0,562.0,2671556.0,30000000.0,Earthquake,1
-3.487,100.082,8.0,530.0,11864.0,,Earthquake,1
12.94,-1.39,160800.0,16.0,133362.0,176.0,Flood,1
37.811,-5.87,22049.0,2.0,30.0,,Flood,0
20.48,-75.88,130.0,21.0,5020.0,,Storm,1
34.38,62.25,65810.0,70.0,40000.0,,Flood,1
-16.11,17.25,274100.0,7.0,110886.0,,Flood,1
-32.42,149.59,311900.0,,,,Flood,0
-26.21,147.95,431681.0,,,109000.0,Flood,1
-29.83,147.38,832001.0,,1000.0,,Flood,0
-24.77,147.63,911256.0,35.0,175000.0,7300000.0,Flood,1
24.21,91.03,29265.0,15.0,500000.0,,Flood,1
-17.83,-63.6,102200.0,26.0,227860.0,,Flood,1
30.268,105.668,5.0,1.0,10515.0,4400.0,Earthquake,1
25.523,101.903,5.0,,50011.0,,Earthquake,1
33.165,96.548,7.0,2968.0,112000.0,500000.0,Earthquake,1
27.197,103.005,5.0,,5014.0,,Earthquake,1
4.113,-72.96,1140146.0,418.0,2791999.0,1000000.0,Flood,1
19.63,-70.56,2791.0,1.0,25700.0,,Flood,1
19.25,-70.39,15730.0,6.0,9500.0,,Flood,1
28.08,31.09,226100.0,12.0,3500.0,,Flood,1
40.106,21.46,27315.0,1.0,150.0,,Flood,0
18.443,-72.571,7.0,222570.0,3700000.0,8000000.0,Earthquake,1
-8.672,121.6,23685.0,16.0,200.0,,Flood,0
30.18,74.77,147437.0,53.0,400000.0,447000.0,Flood,1
15.22,79.48,63170.0,27.0,50000.0,,Flood,1
26.235,92.25,12555.0,,30000.0,,Flood,1
25.965,76.05,10843.0,,12500.0,,Flood,1
9.88,78.47,57474.0,203.0,,22000.0,Flood,1
32.45,48.3,5.0,,750.0,,Earthquake,0
35.221,59.317,6.0,,274.0,,Earthquake,0
27.022,53.861,6.0,1.0,32.0,,Earthquake,0
33.37,48.94,5.0,,104.0,,Earthquake,0
28.412,59.18,7.0,7.0,25.0,,Earthquake,0
35.49,54.47,6.0,3.0,3600.0,,Earthquake,1
-16.4659,-65.6,122139.0,52.0,88825.0,20000.0,Flood,1
-23.783,-48.16,12444.0,10.0,31000.0,,Flood,1
-28.28,-52.91,306993.0,12.0,31600.0,,Flood,1
-8.65047,-38.11,200669.0,15.0,78000.0,,Flood,1
27.0633,108.11,1341347.0,6.0,1600000.0,54130.0,Flood,1
27.89,14.47,431896.0,467.0,67900000.0,6400000.0,Flood,1
5.69,-74.15,236086.0,138.0,988599.0,1030000.0,Flood,1
27.73,88.155,7.0,112.0,575200.0,,Earthquake,1
38.297,142.373,9.0,1.0,95.0,,Earthquake,0
35.0754,63.99,63337.0,25.0,3065.0,,Flood,1
-18.939,122.73,114051.0,,217.0,,Flood,0
22.564,89.05,19191.0,10.0,1570559.0,,Flood,1
27.73,88.155,7.0,1.0,20016.0,,Earthquake,1
24.693,97.943,5.0,,64501.0,,Earthquake,1
24.727,97.957,6.0,25.0,5440.0,290000.0,Earthquake,1
20.687,99.822,7.0,,9508.0,,Earthquake,1
27.73,88.155,7.0,7.0,5136.0,,Earthquake,1
18.59,-71.99,1115.0,4.0,11200.0,,Flood,1
37.699,-1.672,5.0,10.0,15300.0,200000.0,Earthquake,1
7.8439,-0.45,55103.0,6.0,12571.0,,Flood,1
-6.8436,108.26,10402.0,,12000.0,,Flood,1
4.211,97.09,41506.0,21.0,750.0,,Flood,0
22.306,88.34,28684.0,47.0,700000.0,275000.0,Flood,1
34.743,138.264,6.0,1.0,25319.0,400000.0,Earthquake,1
17.57,121.42,145.0,512.0,4478491.0,585379.0,Storm,1
38.11,15.73,1227.0,35.0,5140.0,20000.0,Flood,1
29.81,80.76,129700.0,87.0,257786.0,60000.0,Flood,1
-12.99,-72.94,135300.0,158.0,236308.0,,Flood,1
41.0,40.04,26430.0,7.0,111.0,,Flood,0
40.83,40.41,15630.0,4.0,,,Landslide,0
-6.77,35.89,194800.0,20.0,,,Flood,0
-15.489,-172.095,8.0,9.0,507.0,9500.0,Earthquake,0
17.83,104.79,24950.0,10.0,,,Flood,0
8.02,81.27,15650.0,3.0,300000.0,,Flood,1
31.81,-6.78,157500.0,5.0,7520.0,,Flood,1
19.5,-99.25,34560.0,4.0,1500.0,,Flood,1
18.48,-91.05,44320.0,,107670.0,,Flood,1
16.45,-96.97,51610.0,11.0,,,Flood,0
-9.948,33.878,6.0,1.0,15015.0,,Earthquake,1
-10.108,33.818,6.0,3.0,5721.0,,Earthquake,1
5.74,100.96,14490.0,,1793.0,,Flood,1
4.99,102.36,9062.0,,9082.0,,Flood,1
12.26,5.68,64200.0,,150000.0,,Flood,1
33.92,72.25,30560.0,36.0,75000.0,,Flood,1
24.99,67.19,10370.0,52.0,70.0,,Flood,1
6.513,124.715,6.0,,392.0,90.0,Earthquake,0
-25.1,-56.27,163300.0,,12035.0,820.0,Flood,1
40.23,21.24,114600.0,161.0,10000.0,900000.0,Flood,1
27.01,15.98,59850.0,20.0,111455.0,,Flood,1
15.58,-16.81,8511.0,6.0,264000.0,,Flood,1
18.48,-91.05,35580.0,15.0,200000.0,,Flood,1
41.09,38.95,3167.0,40.0,35020.0,550000.0,Flood,1
-6.8,36.02,167300.0,18.0,50000.0,,Flood,1
-31.26,-56.48,43490.0,1.0,4000.0,,Flood,1
20.67,104.3,69860.0,20.0,700000.0,,Flood,1
15.19,108.02,47600.0,17.0,40000.0,,Flood,1
18.19,-77.29,65.0,15.0,2506.0,150000.0,Storm,1
-8.783,157.354,7.0,,1126.0,,Earthquake,1
32.76,-16.97,483.0,43.0,618.0,1350000.0,Flood,1
19.94,-99.0,122621.0,41.0,20000.0,16000.0,Flood,1
0.01,34.5,40320.0,94.0,141164.0,,Flood,1
28.35,84.78,132600.0,12.0,,,Flood,0
8.88,-78.59,23750.0,13.0,24610.0,,Flood,1
8.132,125.57,10773.0,110.0,1972446.0,47411.0,Flood,1
17.71,121.8,15301.0,16.0,450673.0,,Flood,1
9.77,-66.93,180760.0,41.0,94800.0,170000.0,Flood,1
45.08,79.21,323800.0,44.0,16200.0,34576.0,Flood,1
12.78,4.5,8694.0,40.0,1500200.0,30000.0,Flood,1
17.1,121.47,120.0,146.0,585474.0,8675.0,Storm,1
22.429,120.7,220.0,2.0,100.0,63100.0,Storm,0
36.07,-87.28,320.0,30.0,8000.0,2350000.0,Storm,1
9.77,-66.93,180760.0,32.0,75003.0,29000.0,Flood,1
45.13,11.14,18725.0,,300.0,,Flood,0
1.5,36.0,196100.0,100.0,70000.0,,Flood,1
7.275,80.3,11880.0,7.0,164193.0,,Flood,1
6.83,80.59,19210.0,28.0,606072.0,105000.0,Flood,1
46.82,27.97,12210.0,1.0,12000.0,,Flood,1
32.2861667,-115.2953333,7.0,2.0,25232.0,1150000.0,Earthquake,1
-19.96,34.25,26370.0,5.0,17000.0,,Flood,1
16.245,-7.65,11046.0,,8750.0,,Flood,1
-18.69,23.23,64630.0,8.0,110000.0,,Flood,1
13.6,14.0,619100.0,3.0,226611.0,,Flood,1
-43.522,171.83,7.0,,300002.0,6500000.0,Earthquake,1
30.51,66.95,14180.0,60.0,4000.0,,Flood,1
36.03,72.08,9326.0,46.0,,,Flood,0
9.11,-82.64,23340.0,,1000.0,,Flood,0
-4.68,-78.29,305800.0,20.0,80000.0,,Flood,1
6.78,125.3,22340.0,27.0,40000.0,,Flood,1
39.59,125.71,51190.0,,17000.0,,Flood,1
40.365,124.97,305538.0,,38785.0,,Flood,1
21.51,41.92,346200.0,14.0,,,Flood,0
20.61,41.17,56000.0,10.0,85.0,,Flood,0
18.7,36.7,100400.0,33.0,10000.0,,Flood,1
11.385,14.63,38021.0,24.0,144579.0,,Flood,1
15.03,102.2,3873.0,258.0,8970653.0,332000.0,Flood,1
38.245,71.467,5.0,,7840.0,1500.0,Earthquake,1
38.864,39.986,6.0,51.0,3600.0,,Earthquake,1
22.918,120.795,6.0,,96.0,1000000.0,Earthquake,1
48.59,24.79,34500.0,6.0,40059.0,1900.0,Flood,1
40.652,-124.6925,7.0,,630.0,12500.0,Earthquake,0
39.48,-74.87,240301.0,,,,Flood,0
38.8497,-120.73,355567.0,,1000.0,,Flood,0
12.52,108.9,33659.0,31.0,39008.0,107700.0,Flood,1
15.1821,108.8,45584.0,50.0,10000.0,256000.0,Flood,1
125.091,259.63,25963.0,16.0,241777.0,280.0,Flood,1
38.297,142.373,9.0,19846.0,368820.0,210000000.0,Earthquake,1
7.60326,81.25,22133.0,47.0,1060324.0,200000.0,Flood,1
9.40044,125.78,3623.0,23.0,638418.0,12411.0,Flood,1
8.306,125.21,71700.0,12.0,944781.0,10666.0,Flood,1
8.666,99.28,33575.0,64.0,716110.0,317000.0,Flood,1
17.038,102.82,96785.0,813.0,9500000.0,40000000.0,Flood,1
40.186,-70.06,252912.0,46.0,370000.0,7300000.0,Storm,1
38.276,141.588,7.0,2.0,132.0,,Earthquake,0
51.448,53.67,213195.0,2.0,16000.0,67000.0,Flood,1
40.081,71.41,6.0,,,,Earthquake,0
19.3801,101.56,36797.0,14.0,37000.0,,Flood,1
8.513,80.53,19891.0,18.0,225000.0,300000.0,Flood,1
-29.5025,28.08,19634.0,26.0,5000.0,,Flood,1
20.687,99.822,7.0,74.0,21277.0,3600.0,Earthquake,1
-4.05208,104.67,62167.0,2.0,20000.0,,Flood,1
-18.188,20.64,102874.0,108.0,500000.0,12000.0,Flood,1
12.5947,8.64,103000.0,20.0,26965.0,,Flood,1
8.7372,4.47,20013.0,120.0,3000.0,,Flood,1
27.73,88.155,7.0,7.0,167949.0,,Earthquake,1
28.9081,82.28,46388.0,15.0,,,Flood,0
-43.583,172.68,6.0,181.0,301500.0,15000000.0,Earthquake,1
28.777,63.951,7.0,2.0,1000.0,,Earthquake,0
25.012,69.07,32667.0,509.0,5400755.0,2500000.0,Flood,1
7.39811,126.05,6361.0,31.0,121005.0,251.0,Flood,1
124.865,7.1,44521.0,11.0,2000.0,,Flood,1
21.3521,39.94,30361.0,11.0,,300000.0,Flood,1
20.687,99.822,7.0,1.0,16.0,,Earthquake,0
40.081,71.41,6.0,,,,Earthquake,0
39.149,29.103,6.0,3.0,10121.0,244000.0,Earthquake,1
34.1,-90.83,239421.0,1.0,25000.0,,Flood,1
40.081,71.41,6.0,13.0,,,Earthquake,0
-15.489,-172.095,8.0,148.0,5584.0,124040.0,Earthquake,1
-33.07,18.92,32700.0,11.0,20000.0,,Flood,1
16.73,47.92,176300.0,15.0,,,Flood,0
14.03,44.31,38890.0,7.0,1002.0,,Flood,1
43.76,20.73,6.0,2.0,27030.0,132260.0,Earthquake,1
44.47,21.14,46900.0,,3150.0,,Flood,1
43.015,88.247,5.0,,258.0,,Earthquake,0
4.64,-73.94,57194.0,135.0,498924.0,1290000.0,Flood,1
-31.055,28.41,124636.0,40.0,200321.0,211000.0,Flood,1
-6.284,15.46,45582.0,,5500.0,,Flood,1
-30.34,-52.64,129795.0,3.0,3000.0,,Flood,1
43.648,82.437,6.0,,143000.0,56400.0,Earthquake,1
39.955,77.028,6.0,,1616.0,,Earthquake,1
37.417,109.53,1215862.0,22.0,3800000.0,,Flood,1
29.565,1.7,288785.0,10.0,793.0,779000.0,Flood,1
5.5847,-0.95,9829.0,14.0,81473.0,,Flood,1
14.186,-90.238,6.0,3.0,400.0,,Earthquake,0
2.965,97.893,7.0,10.0,,5850.0,Earthquake,0
-4.39,137.83,17351.0,18.0,3000.0,,Flood,1
-7.379,110.24,2457.0,10.0,54.0,,Flood,0
20.651,86.0,27751.0,239.0,3443989.0,930000.0,Flood,1
26.59,92.18,50117.0,7.0,11000.0,,Flood,1
26.376,86.24,40941.0,204.0,5549080.0,,Flood,1
28.524,80.93,85509.0,19.0,200000.0,,Flood,1
36.023,69.351,6.0,73.0,237.0,,Earthquake,1
22.1723,92.1,9560.0,139.0,5148475.0,,Flood,1
33.4553,106.94,2643786.0,91.0,17440000.0,1200000.0,Flood,1
-0.5987,-79.5,39793.0,29.0,71860.0,,Flood,1
42.0681,44.52,15849.0,5.0,100018.0,3000.0,Flood,1
19.4433,-72.58,35152.0,9.0,11000.0,,Flood,1
26.5659,92.44,254935.0,120.0,2200000.0,,Flood,1
30.1135,78.85,31390.0,30.0,1200.0,110000.0,Flood,1
31.3,76.85,37710.0,45.0,200.0,20000.0,Flood,0
26.8,93.63,42597.0,21.0,2000000.0,98000.0,Flood,1
42.555,24.26,47137.0,5.0,37950.0,4400.0,Flood,1
34.2696,64.19,21754.0,74.0,27769.0,,Flood,1
37.0528,70.0,14162.0,20.0,,,Flood,0
-27.5,-59.63,377212.0,6.0,10000.0,,Flood,1
-21.71,146.64,761154.0,2.0,13000.0,225000.0,Flood,1
41.549,46.789,6.0,,15550.0,,Earthquake,1
41.439,46.789,5.0,,6949.0,,Earthquake,1
42.645,22.968,6.0,,210.0,,Earthquake,0
-10.4897,-67.99,172063.0,3.0,89000.0,,Flood,1
46.5994,-67.5,544053.0,,1500.0,34000.0,Flood,1
-35.2,-72.217,7.0,1.0,24297.0,100000.0,Earthquake,1
-52.8256,-69.41,88871.0,,4300.0,3100.0,Flood,1
27.767,100.781,6.0,4.0,34234.0,300000.0,Earthquake,1
43.433,84.7,6.0,,155052.0,68000.0,Earthquake,1
27.575,103.983,6.0,81.0,744821.0,1000000.0,Earthquake,1
32.978,119.593,5.0,1.0,2610.0,,Earthquake,1
38.745,88.098,5.0,,5500.0,96000.0,Earthquake,1
39.383,81.307,6.0,,36641.0,84000.0,Earthquake,1
92.4515,106.49,105607.0,53.0,185000.0,316333.0,Flood,1
31.41,113.04,92141.0,58.0,140000.0,600000.0,Flood,1
3.606,-73.07,74036.0,17.0,56000.0,40000.0,Flood,1
10.085,-85.315,8.0,2.0,762.0,45000.0,Earthquake,0
54.04,-2.13,8507.0,3.0,1500.0,81000.0,Flood,1
39.8677,21.01,9251.0,1.0,200.0,,Flood,0
13.988,-91.895,7.0,44.0,1321742.0,210000.0,Earthquake,1
2.327,93.063,9.0,7.0,107.0,,Earthquake,0
-1.315,120.096,6.0,6.0,7883.0,,Earthquake,1
23.6387,114.46,84762.0,55.0,300000.0,661000.0,Flood,1
34.512,104.262,6.0,95.0,123887.0,1000000.0,Earthquake,1
28.2425,99.3502,6.0,3.0,538050.0,155000.0,Earthquake,1
4.645,96.665,6.0,48.0,55935.0,130000.0,Earthquake,1
1.0256,124.51,28874.0,17.0,58040.0,2000.0,Flood,1
32.714,76.61,131743.0,6054.0,504473.0,1100000.0,Flood,1
22.7696,113.69,98183.0,88.0,8000000.0,2120000.0,Storm,1
34.526,70.22,6.0,18.0,3531.0,,Earthquake,1
36.9291,68.85,14653.0,20.0,9500.0,,Flood,1
-34.4809,-58.68,18135.0,52.0,350000.0,1300000.0,Flood,1
51.24,-109.64,307926.0,4.0,100000.0,5700000.0,Flood,1
25.98,99.812,5.0,,427740.0,56000.0,Earthquake,1
30.308,102.888,7.0,198.0,2198785.0,6800000.0,Earthquake,1
44.5993,124.1681,5.0,,58300.0,,Earthquake,1
31.066,110.412,5.0,,90500.0,6300.0,Earthquake,1
25.953,99.782,5.0,,80555.0,38000.0,Earthquake,1
40.253,78.944,5.0,,2000.0,,Earthquake,1
30.4563,104.02,419827.0,233.0,3500000.0,4621600.0,Flood,1
35.9161,100.18,93532.0,43.0,255000.0,457000.0,Flood,1
25.8633,118.14,101851.0,1.0,3000.0,253000.0,Storm,1
1.135,-77.393,7.0,,10015.0,4000.0,Earthquake,1
22.9043,-81.4,7627.0,2.0,227.0,,Flood,0
49.1358,12.11,241204.0,4.0,6350.0,12900000.0,Flood,1
53.2732,-1.51,126150.0,2.0,600.0,1500000.0,Flood,1
14.6056,-92.1207,6.0,1.0,572.0,2000.0,Earthquake,0
47.624,20.227,4.0,,1800.0,,Earthquake,1
4.927,95.907,6.0,1.0,515.0,,Earthquake,0
5.1033,95.9709,5.0,1.0,2738.0,,Earthquake,1
-6.17945,106.73,1746.0,34.0,248846.0,3000000.0,Flood,1
-0.86702,121.88,67600.0,8.0,1000.0,,Flood,0
4.48013,97.29,22525.0,,22500.0,2000.0,Flood,1
33.061,75.863,6.0,3.0,59350.0,120000.0,Earthquake,1
43.9958,7.1,82989.0,4.0,1000.0,,Flood,0
38.2082,20.4528,6.0,,2023.0,178000.0,Earthquake,1
-6.6324,107.71,35769.0,32.0,20000.0,600000.0,Flood,1
37.851,126.87,17840.0,53.0,29000.0,52000.0,Flood,1
-43.564,172.743,6.0,1.0,345.0,3000000.0,Earthquake,1
1.664,33.67,37846.0,27.0,63075.0,,Flood,1
0.1257,35.57,20554.0,8.0,4000.0,,Flood,1
0.385,36.12,9789.0,25.0,91692.0,,Flood,1
12.004,105.5,13466.0,247.0,1640023.0,521000.0,Flood,1
17.986,-99.789,7.0,2.0,152.0,,Earthquake,0
414.951,4.56,74520.0,7.0,13000.0,,Flood,1
-14.438,-75.966,7.0,1.0,2681.0,,Earthquake,1
7.904,125.195,5.0,,28.0,,Earthquake,0
8.085,125.93,3076.0,,8610.0,178881.0,Flood,1
38.721,43.508,7.0,604.0,32938.0,1500000.0,Earthquake,1
38.429,43.229,6.0,40.0,105.0,,Earthquake,0
-6.917,39.04,5900.0,20.0,50200.0,,Flood,1
-6.647,37.56,137262.0,8.0,9000.0,,Flood,1
7.976,80.77,49084.0,53.0,447021.0,1200.0,Flood,1
23.005,95.885,7.0,38.0,1486.0,1170.0,Earthquake,1
9.999,123.206,7.0,113.0,320277.0,8900.0,Earthquake,1
38.329,46.826,6.0,306.0,61546.0,500000.0,Earthquake,1
33.506,59.571,6.0,6.0,5523.0,,Earthquake,1
36.288,58.835,5.0,,238.0,,Earthquake,0
36.53,54.26,11490.0,7.0,1000.0,,Flood,0
44.89,11.23,6.0,7.0,11050.0,15800000.0,Earthquake,1
44.851,11.086,6.0,17.0,14350.0,,Earthquake,1
-0.191962,35.19,12660.0,73.0,280670.0,100000.0,Flood,1
16.493,-98.231,7.0,2.0,49011.0,320000.0,Earthquake,1
16.5919,97.85,219814.0,2.0,85000.0,,Flood,1
28.524,83.83,4395.0,72.0,5.0,1000.0,Flood,1
28.04,68.77,23036.0,480.0,5049364.0,2500000.0,Flood,1
35.03,73.52,98264.0,26.0,1200.0,,Flood,1
-14.168,-75.635,6.0,,4435.0,,Earthquake,1
7.905,125.044,6.0,,4001.0,,Earthquake,1
10.811,126.638,8.0,1.0,28879.0,3244.0,Earthquake,1
6.873,124.78,23516.0,1.0,700.0,,Flood,0
8.22392,125.27,39825.0,,25000.0,,Flood,1
42.33,47.59,10482.0,7.0,1120.0,,Flood,1
-1.40095,29.36,43618.0,5.0,11160.0,,Flood,1
20.5946,51.01,233126.0,19.0,,,Flood,0
14.46,-15.49,79242.0,19.0,57000.0,10000.0,Flood,1
4.94,44.89,12753.0,6.0,12200.0,,Flood,1
17.09,99.64,44011.0,,235545.0,,Flood,1
38.612,70.354,6.0,2.0,2531.0,,Earthquake,1
24.0587,120.94,18940.0,6.0,35000.0,16900.0,Flood,1
-1.83097,34.79,6852.0,10.0,,,Flood,0
2.65,32.72,57981.0,,15000.0,,Flood,1
2.46174,36.72,73170.0,96.0,100020.0,36000.0,Flood,1
16.3191,121.14,50412.0,31.0,3096422.0,2190000.0,Flood,1
39.6151,126.32,21695.0,51.0,848690.0,,Flood,1
-10.799,165.114,8.0,10.0,3329.0,2000.0,Earthquake,1
27.387,94.92,38019.0,80.0,2000000.0,,Flood,1
28.428,51.593,6.0,37.0,4350.0,600000.0,Earthquake,1
28.033,61.996,8.0,,27.0,,Earthquake,0
29.32,51.31,6.0,8.0,1620.0,,Earthquake,1
40.3,9.01,15699.0,18.0,2700.0,780000.0,Flood,1
34.369,134.828,6.0,,8438.0,,Earthquake,1
1.66076,35.21,9047.0,,5000.0,,Flood,1
0.058024,36.52,71113.0,18.0,10780.0,,Flood,1
7.59777,80.92,26063.0,52.0,56747.0,,Flood,1
42.0408,21.58,3700.0,1.0,4911.0,,Flood,1
18.3122,98.16,125251.0,7.0,73300.0,,Flood,1
-24.8006,32.68,83155.0,119.0,240000.0,30000.0,Flood,1
-20.2305,57.52,1680.0,11.0,82.0,2000.0,Flood,0
-15.6178,35.02,20096.0,3.0,33000.0,,Flood,1
3.58444,102.36,106698.0,4.0,75000.0,2000.0,Flood,1
15.0103,13.2,65791.0,,15086.0,,Flood,1
-41.704,174.337,7.0,,13840.0,50000.0,Earthquake,1
28.033,61.996,8.0,41.0,15175.0,,Earthquake,1
26.951,65.5009,8.0,399.0,185749.0,100000.0,Earthquake,1
27.1825,65.5052,7.0,22.0,50.0,,Earthquake,0
28.7404,69.11,462763.0,234.0,1497725.0,1500000.0,Flood,1
-15.8385,-74.5112,7.0,,7084.0,,Earthquake,1
-20.3461,-69.09,577783.0,67.0,180766.0,,Flood,1
9.8796,124.1167,7.0,230.0,3222224.0,51459.0,Earthquake,1
-24.146,-57.65,131223.0,,61400.0,,Flood,1
32.83,36.45,29142.0,5.0,12500.0,,Flood,1
50.0043,128.42,102479.0,,34135.0,1000000.0,Flood,1
44.3289,39.25,2432.0,4.0,1500.0,,Flood,1
13.6883,28.99,645400.0,76.0,500133.0,7000.0,Flood,1
2.16964,43.66,243476.0,7.0,50000.0,,Flood,1
7.2182,100.39,38676.0,23.0,15254.0,,Flood,1
23.789,121.141,6.0,4.0,1519.0,1100.0,Earthquake,1
23.828,121.215,6.0,1.0,97.0,1000.0,Earthquake,0
27.1502,54.4482,5.0,1.0,330.0,2000.0,Earthquake,0
35.806,-79.37,26044.0,2.0,100.0,,Flood,0
7.677,-64.77,37648.0,9.0,,,Flood,0
30.503,-89.35,83938.0,1.0,60000.0,2000000.0,Storm,1
30.3632,-58.51,20116.0,2.0,300.0,174000.0,Flood,1
28.9635,-82.5,67994.0,9.0,17001.0,210000.0,Storm,1
38.19,126.24,24179.0,34.0,17540.0,30000.0,Flood,1
-32.93,26.56,14489.0,13.0,125000.0,200000.0,Flood,1
9.56,29.58,138743.0,15.0,3000.0,,Flood,1
9.69,30.21,456058.0,32.0,154000.0,,Flood,1
13.9188,-60.99,830.0,12.0,17422.0,108000.0,Flood,1
38.2138,-94.15,123143.0,3.0,6000.0,25000.0,Flood,1
28.899,-98.89,33908.0,3.0,300.0,2000.0,Flood,0
38.8278,-88.64,493137.0,5.0,300.0,325000.0,Flood,1
30.66,-96.01,38936.0,4.0,4800.0,,Flood,1
37.5597,-86.79,16070.0,5.0,,,Flood,0
15.58,107.7,48985.0,47.0,2130001.0,72000.0,Flood,1
-16.4638,-63.77,137630.0,38.0,185120.0,,Flood,1
-19.61,-70.769,8.0,6.0,513387.0,100000.0,Earthquake,1
35.834,66.43,83722.0,431.0,140100.0,,Flood,1
-4.14041,29.65,3237.0,96.0,12682.0,2000.0,Flood,1
27.1891,103.4086,6.0,731.0,1120513.0,5000000.0,Earthquake,1
-12.228,44.3,5.0,,10000.0,,Earthquake,1
-0.018,-78.322,5.0,3.0,18.0,,Earthquake,0
-38.3652,-70.3,69877.0,,2000.0,,Flood,1
35.9053,82.5864,7.0,,450000.0,174000.0,Earthquake,1
28.174,103.619,5.0,,75021.0,80000.0,Earthquake,1
24.974,97.844,6.0,,225015.0,60000.0,Earthquake,1
24.9997,97.845,6.0,,184723.0,2000.0,Earthquake,1
23.3834,100.4702,6.0,1.0,255324.0,274000.0,Earthquake,1
30.3398,101.7374,6.0,5.0,82355.0,50000.0,Earthquake,1
23.3577,100.533,6.0,1.0,2022.0,,Earthquake,1
36.8561,3.181,6.0,6.0,420.0,,Earthquake,0
40.2893,25.3889,7.0,3.0,75002.0,450000.0,Earthquake,1
14.724,-92.4614,7.0,1.0,94783.0,,Earthquake,1
-8.81664,13.68,102553.0,1.0,2000.0,,Flood,1
-22.3617,-68.89,154773.0,178.0,193881.0,1500000.0,Flood,1
6.7757,-72.9875,6.0,,41236.0,,Earthquake,1
10.1743,-83.83,16754.0,,9666.0,,Flood,1
42.0683,44.54,13023.0,40.0,10320.0,23000.0,Flood,1
-31.5729,-71.6744,8.0,19.0,681499.0,800000.0,Earthquake,1
-25.5689,-50.75,115.0,3.0,283140.0,,Flood,1
36.5244,70.3676,8.0,115.0,92725.0,,Earthquake,1
36.4935,71.1263,6.0,,407.0,,Earthquake,0
-12.1145,13.88,12133.0,69.0,1000.0,,Flood,1
41.287,19.966,11410.0,1.0,300.0,,Flood,0
-35.1086,-59.81,133853.0,3.0,50000.0,,Flood,1
28.2305,84.7314,8.0,4.0,200.0,,Earthquake,0
-6.97805,-67.8,450353.0,5.0,1000.0,,Flood,0
-44.1033,-72.92,224189.0,,116.0,,Flood,0
44.133,85.568,5.0,,8640.0,14650.0,Earthquake,1
23.566,98.854,5.0,,2032.0,15000.0,Earthquake,1
28.2305,84.7314,8.0,29.0,207883.0,,Earthquake,1
27.8087,86.0655,7.0,1.0,,,Earthquake,0
37.4593,78.1542,6.0,3.0,9263.0,3200.0,Earthquake,1
3.94741,9.88,4726.0,4.0,30000.0,,Flood,1
43.377,6.53,2896.0,20.0,,924000.0,Flood,1
7.38005,-0.55,266950.0,25.0,5000.0,12000.0,Flood,1
41.4571,26.6,151105.0,3.0,500.0,,Flood,0
6.66576,-58.74,30931.0,,199000.0,,Flood,1
0.382,-79.92,8.0,672.0,389364.0,2000000.0,Earthquake,1
247.041,113.99,383224.0,5.0,219300.0,170000.0,Flood,1
-12.843,-64.93,190581.0,,120.0,,Flood,0
27.976,114.24,720844.0,289.0,60000000.0,22000000.0,Flood,1
9.268,41.691,2440002.0,28.0,3080.0,,Flood,1
-832.104,13.98,59746.0,23.0,5600.0,,Flood,1
-115.936,160.56,277015.0,30.0,1544.0,,Flood,1
24.804,93.65,7.0,5.0,70.0,,Earthquake,0
90.04,24.09,45667.0,106.0,1900000.0,150000.0,Flood,1
-179.555,-56.44,110515.0,3.0,50500.0,100000.0,Flood,1
582.294,123.25,176100.0,,300.0,,Flood,0
247.532,112.95,197080.0,68.0,165000.0,3000000.0,Flood,1
48.407,10.22,91555.0,7.0,,2000000.0,Flood,1
0.495,-79.62,7.0,1.0,147.0,,Earthquake,0
-0.786,-797.01,69542.0,9.0,10000.0,10000.0,Flood,1
641.411,116.5,47506.0,10.0,,,Flood,0
37.418,22.292,20422.0,4.0,200.0,56000.0,Flood,0
-9.67763,160.34,5481.0,47.0,52000.0,24000.0,Flood,1
7.30951,168.73,35.0,,360.0,,Flood,0
32.5827,47.7037,6.0,,12250.0,43000.0,Earthquake,1
36.6408,137.8875,6.0,,2657.0,2000.0,Earthquake,1
48.4049,65.59,213897.0,5.0,2709.0,,Flood,1
17.397,-100.9723,7.0,,381.0,,Earthquake,0
14.724,-92.4614,7.0,3.0,27000.0,,Earthquake,1
11.642,-85.8779,7.0,2.0,12281.0,3000.0,Earthquake,1
-13.843,-71.695,5.0,8.0,604.0,,Earthquake,0
-25.2205,-57.58,6830.0,,2000.0,,Flood,1
19.6557,99.6696,6.0,1.0,17523.0,62000.0,Earthquake,1
41.7575,21.19,5957.0,7.0,5030.0,87000.0,Flood,1
16.691,121.24,210.0,51.0,2898590.0,210985.0,Storm,1
-18.795,35.36,485939.0,278.0,638645.0,390000.0,Flood,1
33.5131,71.89,21148.0,49.0,5067.0,1000.0,Flood,1
33.1767,76.41,70288.0,44.0,2122.0,76000.0,Flood,1
26.2074,82.62,629962.0,293.0,13709887.0,,Flood,1
20.175,95.53,26424.0,149.0,1621703.0,119000.0,Flood,1
5.987,116.541,6.0,24.0,10.0,2.0,Earthquake,0
28.23,84.731,8.0,8831.0,5639722.0,5174000.0,Earthquake,1
27.8087,86.0655,7.0,138.0,2428.0,,Earthquake,1
-6.55868,108.4,7002.0,,8000.0,,Flood,1
283.812,-101.77,270.0,14.0,15000.0,823000.0,Storm,1
18.695,-72.19,3672.0,6.0,45000.0,,Flood,1
-0.621,131.262,7.0,,12247.0,,Earthquake,1
28.2305,84.7314,8.0,78.0,560.0,,Earthquake,1
27.8087,86.0655,7.0,20.0,,,Earthquake,0
36.5244,70.3676,8.0,,10.0,,Earthquake,0
10.7121,79.18,14179.0,8.0,200.0,,Flood,0
21.8734,70.76,43782.0,81.0,9000.0,604000.0,Flood,1
26.8946,93.75,69190.0,5.0,18000.0,,Flood,1
118.278,788.55,93202.0,325.0,1801000.0,2200000.0,Flood,1
33.6304,54.04,776608.0,23.0,4030.0,,Flood,1
-0.795,36.25,20432.0,13.0,3000.0,,Flood,1
-203.643,395.13,103770.0,112.0,240799.0,,Flood,1
40.376,73.204,6.0,,16780.0,12000.0,Earthquake,1
19.4811,-103.43,60979.0,,3000.0,,Flood,1
995.267,115.28,186816.0,53.0,100420.0,25000.0,Flood,1
-39.8648,175.23,8949.0,,400.0,171000.0,Flood,1
-41.092,175.35,7484.0,1.0,100.0,100000.0,Flood,0
36.5244,70.3676,8.0,280.0,502590.0,,Earthquake,1
36.4935,71.1263,6.0,3.0,85.0,,Earthquake,0
35.0129,72.84,73485.0,10.0,,,Flood,0
34.3432,72.27,137040.0,238.0,1572423.0,,Flood,1
15.5509,120.8,16151.0,4.0,3000.0,,Flood,1
-25.451,-59.27,28653.0,,3700.0,,Flood,1
-260.369,-558.48,574057.0,12.0,136450.0,,Flood,1
46.8147,22.86,197785.0,1.0,1500.0,,Flood,1
-246.543,103.35,235819.0,8.0,80313.0,2000.0,Flood,1
-7.042,108.238,32276.0,53.0,8920.0,22000.0,Flood,1
27.464,95.607,70518.0,18.0,100000.0,150000.0,Flood,1
326.031,130.99,18481.0,7.0,6000.0,,Flood,1
330.545,717.79,111748.0,92.0,77.0,,Flood,1
-3.863,127.229,6.0,,368.0,,Earthquake,0
24.804,93.65,7.0,8.0,10808.0,75000.0,Earthquake,1
27.068,93.95,135742.0,61.0,,100000.0,Flood,1
42.723,13.187,6.0,296.0,4854.0,5000000.0,Earthquake,1
32.788,130.7,7.0,9.0,120800.0,,Earthquake,1
32.791,130.75,7.0,49.0,298432.0,20000000.0,Earthquake,1
35.781,129.216,5.0,,29832.0,21000.0,Earthquake,1
23.672,-104.964,22329.0,5.0,3000.0,25000.0,Flood,1
17.071,-93.805,127234.0,13.0,6000.0,,Flood,1
42.009,21.49,5.0,,100.0,10000.0,Earthquake,0
183.158,952.6,93840.0,14.0,377667.0,,Flood,1
-12.651,394.64,80572.0,16.0,6600.0,,Flood,1
-42.169,172.21,39334.0,,300.0,25000.0,Flood,0
36.473,71.13,7.0,6.0,142.0,,Earthquake,0
361.038,727.93,31431.0,46.0,410.0,,Flood,0
-15.64,-71.68,5.0,4.0,11182.0,,Earthquake,1
61.967,59.803,1834048.0,,3200.0,2000.0,Flood,1
-20.565,300.12,18269.0,50.0,30030.0,,Landslide,1
40.7,48.6,7.0,86.0,17540.0,,Earthquake,1
39.88,76.2,8.0,2500.0,,,Earthquake,1
37.75,27.0,6.0,4.0,1620.0,,Earthquake,1
42.1,19600.0,7.0,120.0,,23800.0,Earthquake,1
29.3,104.8,5.0,,,,Earthquake,0
43.5,85.5,8.0,280.0,10000.0,,Earthquake,1
24.4,103.0,7.0,21.0,,,Earthquake,0
38.2151667,-122.3123333,6.0,1.0,3250.0,700000.0,Earthquake,1
-21.5153,25.61,1037639.0,32.0,7185.0,85000.0,Flood,1
40.2893,25.3889,7.0,,324.0,,Earthquake,0
7.19301,38.97,18498.0,28.0,20000.0,,Flood,1
-26.9899,26.7048,5.0,1.0,2002.0,,Earthquake,1
37.8142,73.26,32595.0,,5401.0,,Flood,1
38.0626,73.11,56196.0,,5401.0,,Flood,1
20.8137,106.86,24337.0,32.0,15000.0,204000.0,Flood,1
-4.31417,33.75,40007.0,47.0,5112.0,,Storm,1
34.1936,-97.99,849465.0,32.0,12000.0,2700000.0,Flood,1
38.211,72.78,7.0,2.0,7976.0,5000.0,Earthquake,1
-5.06017,36.89,194128.0,12.0,5000.0,,Flood,1
-32.6329,-55.7,63708.0,,2326.0,,Flood,1
-299.568,-535.72,392899.0,,10000.0,,Flood,1
205.669,104.76,192887.0,2.0,100.0,,Flood,0
-2.091,28.952,6.0,3.0,390.0,,Earthquake,0
-8.3381,124.8754,7.0,,2003.0,4000.0,Earthquake,1
-324.347,-561.95,126653.0,8.0,10605.0,3000.0,Flood,1
22.938,120.6,6.0,117.0,525.0,700000.0,Earthquake,1
38.883,70.626,5.0,,155.0,,Earthquake,0
1.036,31.618,6.0,17.0,139601.0,458000.0,Earthquake,1
-476.168,355.05,182022.0,3.0,58896.0,,Flood,1
-689.427,360.0,84215.0,13.0,27933.0,,Flood,1
-1.036,31.618,6.0,4.0,590.0,,Earthquake,0
29.988,-91.8,19554.0,13.0,70000.0,10000000.0,Flood,1
42.254,19.446,16543.0,2.0,4500.0,,Flood,1
-33.277,139.898,634200.0,1.0,280.0,25000.0,Flood,0
39.238,74.047,7.0,1.0,37200.0,5500.0,Earthquake,1
43.823,86.345,6.0,,9120.0,135000.0,Earthquake,1
26.077,99.539,5.0,2.0,5000.0,60000.0,Earthquake,1
449.847,152.152,10463.0,1.0,21002.0,8900.0,Flood,1
-8.096,-38.231,266010.0,14.0,104140.0,100000.0,Flood,1
33.193,103.855,7.0,29.0,218325.0,500000.0,Earthquake,1
38.915,26.371,6.0,1.0,731.0,,Earthquake,0
38.261,23.529,2571.0,23.0,6024.0,,Flood,1
36.925,27.414,7.0,2.0,120.0,,Earthquake,0
-8.718,13.656,24003.0,11.0,30250.0,2000.0,Flood,1
-45.953,-67.939,27377.0,1.0,9000.0,,Flood,1
7.223,17.145,70470.0,,3500.0,,Flood,1
45.575,-74.406,79149.0,2.0,16113.0,200000.0,Flood,1
-27.122,-69.952,157699.0,2.0,3000.0,,Flood,1
29.833,94.978,6.0,,23403.0,,Earthquake,1
29.612,113.645,283444.0,16.0,61500.0,361000.0,Flood,1
3.723,-72.674,128597.0,1.0,2000.0,,Flood,1
1.691,-76.286,117321.0,,25661.0,,Flood,1
40.866,19.941,10317.0,,800.0,,Flood,0
-22.479,-44.095,55139.0,4.0,250.0,10000.0,Flood,0
-14.405,-64.013,245648.0,6.0,12186.0,,Flood,1
9.538,-1.066,83998.0,34.0,100000.0,,Flood,1
-35.21,-58.199,130.0,2.0,1200.0,,Storm,1
34.94,68.216,184397.0,72.0,4000.0,,Flood,1
-11.247,16.007,462991.0,8.0,3000.0,,Flood,1
-17.015,145.218,105583.0,,600.0,11400.0,Flood,0
-3.47,29.987,18675.0,,12000.0,,Flood,1
-4.015,29.641,8959.0,,23000.0,,Flood,1
23.226,92.13,3882.0,21.0,14000.0,,Flood,1
42.698,23.9,78520.0,,600.0,,Flood,0
-24.206,-48.623,131278.0,3.0,1000.0,43000.0,Flood,0
50.358,-119.241,78669.0,,4000.0,,Flood,1
45.279,124.557,5.0,,12000.0,29000.0,Earthquake,1
24.332,102.941,5.0,,18024.0,50000.0,Earthquake,1
23.812,108.795,109610.0,5.0,70000.0,,Flood,1
19.018,-69.704,21590.0,,7390.0,,Flood,1
33.907,3.215,132889.0,6.0,200.0,,Flood,0
39.591,2.936,2882.0,13.0,,150000.0,Flood,1
48.511,1.606,72016.0,,2750.0,372000.0,Flood,1
31.991,67.078,441236.0,63.0,129100.0,,Flood,1
44.089,19.298,27245.0,,159.0,,Flood,0
-23.539,-46.124,20310.0,12.0,1306.0,,Flood,1
43.284,-6.225,6802.0,4.0,,58000.0,Flood,0
34.668,67.894,133360.0,24.0,561.0,,Flood,0
40.501,20.722,5.0,,304.0,,Earthquake,0
-30.074,-71.423,7.0,2.0,780.0,,Earthquake,0
-21.965,-69.245,272110.0,6.0,600.0,,Flood,0
29.498,104.632,5.0,2.0,32772.0,2000.0,Earthquake,1
28.405,104.957,6.0,13.0,244220.0,1300000.0,Earthquake,1
-5.812,-75.27,8.0,,15.0,,Earthquake,0
35.2,58.2,7.0,350.0,,,Earthquake,1
32.2,35.3,6.0,20.0,,,Earthquake,0
34.0,132.0,8.0,11.0,177.0,,Earthquake,0
35.4,136.3,7.0,41.0,2928.0,,Earthquake,1
38.9,-8.8,7.0,30.0,,,Earthquake,0
-42.725,173.064,8.0,2.0,50.0,3900000.0,Earthquake,1
23.273,-99.793,322162.0,2.0,35000.0,,Flood,1
19.739,-72.587,4534.0,13.0,2782.0,,Flood,1
0.649,123.245,11225.0,2.0,4500.0,,Flood,1
-8.218,117.816,6.0,,3410.0,,Earthquake,1
5.281,96.108,7.0,104.0,86018.0,100000.0,Earthquake,1
17.654,80.34,137435.0,28.0,3000.0,589000.0,Flood,1
42.934,13.043,6.0,1.0,3027.0,200000.0,Earthquake,1
42.855,13.088,7.0,,22292.0,200000.0,Earthquake,1
35.37,133.812,6.0,,493.0,100000.0,Earthquake,0
20.923,94.569,7.0,4.0,1152.0,10000.0,Earthquake,1
5.122,102.56,20486.0,,400.0,,Flood,0
4.7,102.411,43580.0,,25000.0,132000.0,Flood,1
-15.321,-70.823,6.0,1.0,257.0,,Earthquake,0
15.022,-93.899,8.0,98.0,1200250.0,2300000.0,Earthquake,1
243.598,559.677,50430.0,3.0,200.0,,Flood,0
18.55,-98.489,7.0,369.0,256000.0,6000000.0,Earthquake,1
-7.229,109.117,27068.0,9.0,12000.0,,Flood,1
37.704,46.169,40808.0,42.0,,353000.0,Flood,1
27.941,83.878,64677.0,176.0,1700134.0,595000.0,Flood,1
-38.204,176.79,23531.0,,2200.0,71000.0,Flood,1
-11.004,-75.148,810942.0,184.0,1800505.0,3100000.0,Flood,1
13.77,120.935,6.0,,25000.0,2000.0,Earthquake,1
3.815,-59.015,131888.0,,3274.0,,Flood,1
15.581,-85.367,13364.0,7.0,400.0,,Flood,0
-7.029,107.162,40254.0,2.0,400.0,,Flood,0
10.489,79.004,50536.0,21.0,4000.0,,Flood,1
37.772,57.204,6.0,3.0,2262.0,2000.0,Earthquake,1
34.911,45.959,7.0,444.0,209000.0,740000.0,Earthquake,1
35.649,50.962,5.0,2.0,120.0,,Earthquake,0
34.911,45.959,7.0,10.0,5969.0,,Earthquake,1
45.457,105.881,27560.0,,1000.0,125000.0,Flood,1
33.2,134.0,120.0,2.0,1389.0,2000.0,Storm,1
51.254,70.047,397488.0,,7000.0,,Flood,1
-2.879,37.88,55028.0,26.0,25000.0,,Flood,1
36.065,129.27,5.0,,5057.0,,Earthquake,1
8.604,80.637,22923.0,9.0,13197.0,,Flood,1
23.917,-98.308,57675.0,2.0,800.0,,Flood,0
3.932,102.461,78810.0,,5481.0,,Flood,1
5.247,101.026,37944.0,7.0,3500.0,,Flood,1
14.617,4.402,184437.0,56.0,206513.0,10000.0,Flood,1
8.169,9.45,86947.0,,10000.0,,Flood,1
-5.251,-77.573,288499.0,1.0,12000.0,,Flood,1
9.907,125.452,7.0,8.0,16857.0,13974.0,Earthquake,1
11.111,124.619,7.0,3.0,16500.0,4364.0,Earthquake,1
10.566,123.171,10300.0,,8000.0,,Flood,1
7.59,124.062,30389.0,13.0,334000.0,,Flood,1
-178.0,119.84,8.0,4140.0,2000000.0,1450000.0,Earthquake,1
35.606,52.429,340197.0,9.0,7135.0,166000.0,Flood,1
35.65,137.895,109672.0,246.0,1500102.0,9500000.0,Flood,1
6.806,80.637,29246.0,12.0,75000.0,,Flood,1
-6.149,142.766,8.0,145.0,544300.0,61000.0,Earthquake,1
-8.287,116.452,7.0,564.0,516927.0,790000.0,Earthquake,1
15.88,-90.217,67482.0,2.0,76845.0,,Flood,1
20.034,-73.013,6.0,17.0,39336.0,,Earthquake,1
-7.196,105.918,6.0,1.0,13811.0,80000.0,Earthquake,1
-8.274,116.491,6.0,14.0,102852.0,29000.0,Earthquake,1
-8.325,116.577,7.0,10.0,779.0,5000.0,Earthquake,0
-8.497,118.569,3938.0,,3000.0,,Flood,1
34.645,46.179,6.0,,5042.0,10000.0,Earthquake,1
34.663,46.277,6.0,2.0,13255.0,,Earthquake,1
34.304,45.74,6.0,,716.0,10000.0,Earthquake,0
31.164,34.861,17900.0,12.0,,,Flood,0
34.826,135.64,6.0,5.0,20715.0,3250000.0,Earthquake,1
47.381,81.478,331425.0,,400.0,,Flood,0
16.646,-97.653,7.0,,3004.0,,Earthquake,1
18.191,95.434,46815.0,16.0,109650.0,,Flood,1
-14.926,34.367,60622.0,,200.0,,Flood,0
-10.351,33.847,25660.0,1.0,300.0,,Flood,0
-11.158,34.02,37320.0,4.0,9113.0,,Flood,1
3.133,3.659,74296.0,,4900.0,,Flood,1
365.883,102.337,117492.0,2.0,12000.0,,Flood,1
10.475,8.238,257477.0,199.0,1922332.0,275000.0,Flood,1
28.238,84.398,85852.0,15.0,1406.0,,Flood,1
-15.759,74.71,7.0,2.0,9319.0,,Earthquake,1
-6.294,142.607,7.0,25.0,,,Earthquake,0
38.531,126.573,25734.0,148.0,581268.0,25000.0,Flood,1
-25.312,-57.599,2924.0,,5000.0,,Flood,1
20.176,-103.182,34620.0,7.0,3000.0,,Flood,1
38.637,139.48,6.0,,460.0,,Earthquake,0
-0.586,128.034,7.0,8.0,11804.0,,Earthquake,1
-1.301,101.601,5.0,,1763.0,,Earthquake,1
-8.418,116.52,6.0,9.0,1295.0,,Earthquake,1
-7.282,104.791,7.0,6.0,2104.0,,Earthquake,1
31.775,49.542,6.0,1.0,2100.0,,Earthquake,1
32.591,130.866,32382.0,2.0,600.0,,Flood,0
24.555,12.691,151027.0,4.0,20030.0,7100.0,Flood,1
47.204,111.071,85984.0,12.0,500.0,,Flood,0
-14.53,34.317,77813.0,60.0,975672.0,,Flood,1
-5.812,-75.27,8.0,2.0,4272.0,,Earthquake,1
14.99,120.35,6.0,25.0,15555.0,50000.0,Earthquake,1
9.32,125.99,6.0,,9577.0,,Earthquake,1
20.807,121.986,6.0,9.0,3027.0,5258.0,Earthquake,1
8.223,123.493,5390.0,,45000.0,,Flood,1
-4.051,152.6,8.0,,651.0,,Earthquake,0
40.3,43.1,6.0,140.0,,,Earthquake,1
40.9,42.7,6.0,1000.0,,,Earthquake,1
23.5,120.5,6.0,3.0,208.0,,Earthquake,0
23.5,120.3,6.0,145.0,2141.0,,Earthquake,1
23.4,120.4,7.0,15.0,5466.0,,Earthquake,1
25.0,121.5,7.0,9.0,417.0,,Earthquake,0
24.15,102.45,7.0,942.0,112.0,,Earthquake,1
29.5,91.5,7.0,170.0,,,Earthquake,1
40.2,20.0,6.0,200.0,,,Earthquake,1
-32.7,-68.4,6.0,400.0,,,Earthquake,1
1.0,-77.5,5.0,300.0,,,Earthquake,1
36.983,164.0,7.0,100.0,,,Earthquake,1
27.0,100.0,6.0,12.0,1500.0,,Earthquake,1
40.5,19.5,6.0,35.0,3048.0,,Earthquake,1
40.3,19.6,5.0,25.0,,,Earthquake,0
26.8,103.0,6.0,42.0,,,Earthquake,0
30.0,100.0,6.0,200.0,,,Earthquake,1
40.6,20.8,6.0,90.0,,,Earthquake,1
39.2,46.0,6.0,2890.0,,,Earthquake,1
46.817,89.915,8.0,10000.0,,,Earthquake,1
29.5,102.5,5.0,200.0,150.0,,Earthquake,1
28.7,103.6,6.0,100.0,,,Earthquake,1
35.4,103.4,7.0,,48250.0,,Earthquake,1
34.2,105.7,6.0,115.0,22326.0,,Earthquake,1
26.6,103.0,6.0,30.0,,,Earthquake,0
1.1,-77.6,7.0,,,,Earthquake,0
23.9,102.3,6.0,181.0,58255.0,,Earthquake,1
40.2,122.0,6.0,,5950.0,,Earthquake,1
47.0,127.2,6.0,132.0,31808.0,,Earthquake,1
31.7,102.3,6.0,15.0,360.0,,Earthquake,0
41.7,20.4,6.0,43.0,110.0,,Earthquake,0
23.1,100.3,7.0,90.0,,,Earthquake,1
39.5,119.0,6.0,17.0,30.0,,Earthquake,0
29.5,100.5,7.0,800.0,3200.0,,Earthquake,1
26.4,99.7,7.0,110.0,4000.0,,Earthquake,1
42.0,84.0,7.0,21.0,5067.0,,Earthquake,1
26.7,100.0,6.0,,149450.0,,Earthquake,1
30.648,91.601,7.0,54.0,3870.0,,Earthquake,1
22.9,99.7,6.0,,300.0,,Earthquake,0
10.0,-84.5,6.0,10.0,,,Earthquake,0
1.5,-79.5,8.0,111.0,46.0,,Earthquake,1
30.2,104.1,6.0,,2085.0,,Earthquake,1
6.747,-73.032,7.0,20.0,,,Earthquake,0
35.5,-0.1,5.0,10.0,215.0,,Earthquake,0
27.575,33.895,7.0,2.0,551.0,,Earthquake,0
36.278,69.681,6.0,11.0,15.0,,Earthquake,0
31.398,100.581,7.0,,840.0,,Earthquake,0
7.747,-77.688,7.0,11.0,,,Earthquake,0
41.145,108.129,6.0,,2104.0,,Earthquake,1
-10.676,161.33,8.0,,9770.0,,Earthquake,1
47.256,31.348,19889.0,3.0,200.0,,Flood,0
45.151,27.562,57183.0,1.0,300.0,,Flood,0
14.867,100.395,17187.0,4.0,204000.0,120000.0,Flood,1
14.445,100.753,67395.0,14.0,582343.0,25000.0,Flood,1
35.991,-96.803,5.0,,120.0,20000.0,Earthquake,0
16.004,107.68,63642.0,35.0,659615.0,104280.0,Flood,1
24.302,121.216,16446.0,5.0,4074.0,28100.0,Flood,1
14.594,100.679,101670.0,9.0,605000.0,1400.0,Flood,1
22.707,39.365,181055.0,4.0,481.0,,Flood,0
7.305,100.061,50020.0,96.0,1800000.0,1000000.0,Flood,1
-31.888,-57.432,87428.0,,6639.0,,Flood,1
11.664,108.399,27646.0,8.0,41500.0,,Flood,1
-28.362,29.715,213687.0,3.0,200.0,,Flood,0
-4.355,15.116,5597.0,51.0,15760.0,,Flood,1
45.946,24.989,24193.0,,1500.0,,Flood,1
-1.784,30.012,14768.0,24.0,360.0,11000.0,Flood,0
52.883,84.596,172030.0,2.0,3672.0,,Flood,1
13.487,31.942,629242.0,23.0,70060.0,,Flood,1
10.763,27.364,210194.0,,2750.0,,Flood,1
13.095,-88.099,6.0,,2499.0,,Earthquake,1
24.136,121.658,6.0,84.0,285.0,100000.0,Earthquake,1
-11.158,34.02,37320.0,15.0,15873.0,,Flood,1
10.426,-66.55,3147.0,2.0,1000.0,,Flood,0
45.624,26.653,88755.0,4.0,362.0,,Flood,0
13.243,-89.272,7.0,1.0,160.0,,Earthquake,0
37.42,69.354,106546.0,4.0,6750.0,,Flood,1
-39.27,-12.906,173355.0,,300.0,,Flood,0
38.05,-1.091,9115.0,7.0,3500.0,2500000.0,Flood,1
58.911,102.485,413323.0,31.0,33190.0,460000.0,Flood,1
26.674,41.295,632316.0,12.0,271.0,,Flood,0
18.54,45.254,238157.0,1.0,36.0,,Flood,0
40.706,41.047,12361.0,10.0,70.0,,Flood,0
35.77,-117.599,7.0,,150.0,200000.0,Earthquake,1
-19.041,30.804,154678.0,26.0,,,Flood,0
41.381,19.454,6.0,,4608.0,45000.0,Earthquake,1
41.511,19.522,6.0,51.0,202913.0,700000.0,Earthquake,1
29.573,105.064,5.0,1.0,15582.0,,Earthquake,1
29.573,105.064,5.0,1.0,15582.0,,Earthquake,1
-1.12,18.16,585146.0,,213000.0,,Flood,1
-2.199,-77.023,8.0,,249.0,,Earthquake,0
-19.398,-45.901,115220.0,61.0,11012.0,300000.0,Flood,1
290.213,307.541,22124.0,40.0,20400.0,76000.0,Flood,1
-913.908,142.007,77632.0,30.0,10600.0,,Flood,1
133.432,-111.554,42578.0,,21000.0,,Flood,1
27.296,103.281,5.0,4.0,3324.0,17000.0,Earthquake,1
116.851,426.804,10322.0,8.0,110000.0,,Flood,1
-31.818,-68.847,6.0,,1814.0,,Earthquake,1
26.781,92.457,6.0,,502.0,,Earthquake,0
41.816,81.164,5.0,3.0,195.0,,Earthquake,0
25.761,100.011,6.0,3.0,39028.0,49000.0,Earthquake,1
29.182,105.391,5.0,3.0,24395.0,,Earthquake,1
30.0,68.0,7.0,231.0,,,Earthquake,1
25.5,122.5,8.0,60.0,,,Earthquake,1
32.23,57.03,7.0,700.0,,,Earthquake,1
28.0,130.0,8.0,12.0,1266.0,,Earthquake,1
43.5,77.5,8.0,450.0,,,Earthquake,1
17.5,-102.5,8.0,45.0,22.0,,Earthquake,0
38.2,72.8,7.0,90.0,,,Earthquake,1
5.354,126.121,8.0,138.0,,,Earthquake,1
38.8,20.6,6.0,14.0,,,Earthquake,0
37.7,15.2,5.0,120.0,669.0,,Earthquake,1
37.82,30.27,7.0,4000.0,51700.0,,Earthquake,1
23.7,120.9,7.0,180.0,1842.0,,Earthquake,1
24.0,121.0,6.0,1.0,311.0,,Earthquake,0
23.9,120.9,6.0,54.0,475.0,,Earthquake,1
19.26,-96.97,8.0,648.0,167.0,,Earthquake,1
24.5,122.0,8.0,5.0,417.0,,Earthquake,0
36.617,57.046,6.0,157.0,,,Earthquake,1
29.196,56.833,7.0,290.0,,,Earthquake,1
39.7,42.8,5.0,50.0,,,Earthquake,0
39.897,41.891,7.0,60.0,1140.0,,Earthquake,1
9.782,123.064,7.0,17.0,,,Earthquake,0
34.6,58.1,6.0,500.0,,,Earthquake,1
35.423,135.007,7.0,395.0,9999.0,,Earthquake,1
41.2,42.8,6.0,200.0,,,Earthquake,1
38.0,30.5,6.0,3.0,6129.0,,Earthquake,1
43.667,13.267,6.0,18.0,,,Earthquake,0
38.4,68.5,6.0,175.0,,,Earthquake,1
23.261,120.277,6.0,4.0,891.0,,Earthquake,0
23.2,120.6,6.0,,363.0,,Earthquake,0
40.5,23.9,7.0,151.0,22641.0,,Earthquake,1
19.5,-104.25,8.0,400.0,120.0,,Earthquake,1
19.0,-104.5,7.0,,2000.0,,Earthquake,1
36.6,53.4,5.0,1070.0,,,Earthquake,1
36.3,53.3,6.0,60.0,,,Earthquake,1
36.3,53.5,6.0,690.0,,,Earthquake,1
39.3,40.6,6.0,540.0,,,Earthquake,1
4.5,126.5,8.0,,845.0,,Earthquake,0
33.0,60.0,6.0,12.0,,,Earthquake,0
22.3,120.8,7.0,10.0,75.0,,Earthquake,0
14.575,121.68,8.0,1.0,200.0,,Earthquake,0
18.8,-97.5,8.0,34.0,,,Earthquake,0
39.945,139.682,7.0,27.0,1489.0,,Earthquake,1
41.7,43.8,6.0,16.0,,,Earthquake,0
33.482,58.785,6.0,730.0,,,Earthquake,1
39.5,43.3,6.0,430.0,,,Earthquake,1
39.7,39.4,6.0,15.0,,,Earthquake,0
23.304,120.393,7.0,319.0,5304.0,,Earthquake,1
-14.819,-74.708,8.0,30.0,25.0,,Earthquake,0
39.2,28.2,6.0,16.0,,,Earthquake,0
40.8,30.5,7.0,285.0,,,Earthquake,1
40.6,30.5,6.0,285.0,,,Earthquake,1
36.8,54.5,5.0,20.0,,,Earthquake,0
38.9,29.3,6.0,21.0,,,Earthquake,0
37.4,35.8,6.0,300.0,,,Earthquake,1
38.2,31.8,6.0,12.0,,,Earthquake,0
26.19,121.086,7.0,58.0,3884.0,,Earthquake,1
36.728,21.897,8.0,3.0,35020.0,,Earthquake,1
38.532,20.425,7.0,2.0,11375.0,,Earthquake,1
-6.0,113.0,7.0,16.0,50.0,,Earthquake,0
23.8,121.7,7.0,68.0,12496.0,,Earthquake,1
22.9,121.5,8.0,17.0,250.0,,Earthquake,0
41.831,143.525,7.0,,356.0,,Earthquake,0
22.078,121.105,7.0,16.0,63.0,,Earthquake,0
27.861,54.528,6.0,60.0,,,Earthquake,1
36.0,136.7,7.0,10.0,,,Earthquake,0
24.411,122.094,7.0,15.0,18.0,,Earthquake,0
37.7,21.8,6.0,32.0,200.0,,Earthquake,0
37.6,47.1,5.0,20.0,,,Earthquake,0
28.7,78.9,6.0,15.0,,,Earthquake,0
39.1,41.6,6.0,10.0,,,Earthquake,0
38.9,41.3,5.0,12.0,20.0,,Earthquake,0
5.121,96.286,7.0,14.0,10000.0,,Earthquake,1
39.5,40.4,6.0,97.0,,,Earthquake,1
34.0,58.2,7.0,700.0,,,Earthquake,1
16.519,-97.739,7.0,18.0,,2400.0,Earthquake,0
36.033,-10.613,8.0,2.0,80.0,,Earthquake,0
36.033,-10.613,8.0,11.0,,,Earthquake,0
-9.9,-75.6,5.0,12.0,,,Earthquake,0
39.1,28.7,6.0,,793.0,,Earthquake,0
-7.2,109.1,5.0,1.0,6891.0,,Earthquake,1
43.8,13.3,4.0,2.0,,300000.0,Earthquake,1
43.233,145.785,8.0,,27.0,5000.0,Earthquake,0
-12.299,-76.352,6.0,10.0,,,Earthquake,0
-9.965,160.731,8.0,18.0,1.0,,Earthquake,0
39.672,28.66,5.0,,1000.0,,Earthquake,0
17.25,-93.21,4.0,10.0,200.0,,Earthquake,0
-6.533,107.508,24987.0,66.0,501110.0,1200000.0,Flood,1
32.951,130.545,10883.0,1.0,302.0,100000.0,Flood,0
36.739,140.269,23764.0,10.0,270.0,,Flood,0
0.728,39.414,232028.0,90.0,233339.0,,Flood,1
-5.921,-76.979,322183.0,,900.0,,Flood,0
-16.223,36.866,401250.0,28.0,58066.0,,Flood,1
-3.45,128.347,7.0,31.0,247418.0,,Earthquake,1
37.808,47.558,6.0,6.0,23084.0,90000.0,Earthquake,1
7.922,80.835,44782.0,3.0,65322.0,,Flood,1
-107.661,28.484,397450.0,3.0,500.0,,Flood,0
102.584,4.415,38171.0,2.0,15000.0,,Flood,1
33.106,73.766,6.0,39.0,130398.0,17000.0,Earthquake,1
6.714,125.009,6.0,7.0,3283.0,,Earthquake,1
6.754,124.985,7.0,10.0,26025.0,,Earthquake,1
6.905,125.187,7.0,23.0,260703.0,,Earthquake,1
6.708,125.188,7.0,14.0,394565.0,,Earthquake,1
14.826,33.921,228504.0,78.0,346300.0,,Flood,1
15.52,-15.516,60942.0,6.0,8968.0,,Flood,1
40.89,28.173,6.0,1.0,1453.0,,Earthquake,1
326.655,131.039,28548.0,82.0,250114.0,5800000.0,Flood,1
116.343,365.935,154390.0,285.0,810655.0,10000.0,Flood,1
-18.95,47.184,443086.0,40.0,106846.0,,Flood,1
-701.073,-768.801,152175.0,,550.0,,Flood,0
17.937,-66.727,5.0,,150.0,150000.0,Earthquake,1
-451.236,342.182,184333.0,2.0,19323.0,,Flood,1
0.013,310.263,47454.0,11.0,25000.0,,Flood,1
17.935,-66.883,6.0,4.0,5078.0,800000.0,Earthquake,1
-144.876,487.673,148.0,4.0,3200.0,,Storm,1
-199.445,298.633,15283.0,3.0,5242.0,,Flood,1
37.913,26.779,7.0,2.0,919.0,,Earthquake,0
45.897,15.966,5.0,1.0,78942.0,6800000.0,Earthquake,1
45.422,16.255,6.0,8.0,149407.0,469444.0,Earthquake,1
2.911,128.248,6.0,,1560.0,,Earthquake,1
38.543,44.447,6.0,,15075.0,,Earthquake,1
330.386,541.614,216987.0,8.0,2501.0,,Flood,1
15.916,-95.953,7.0,10.0,24393.0,75000.0,Earthquake,1
463.877,106.222,423250.0,2.0,1230.0,,Flood,1
-180.132,352.821,172917.0,2.0,8700.0,,Flood,1
24.561,103.055,30344.0,,1210.0,,Flood,1
183.982,545.326,95375.0,3.0,100.0,,Flood,0
12.021,124.123,7.0,1.0,4980.0,2500.0,Earthquake,1
511.537,224.898,47884.0,,390.0,,Flood,0
614.157,470.848,428331.0,26.0,1000020.0,,Flood,1
962.794,180.854,134488.0,,2062.0,,Flood,1
38.39,44.367,7.0,41.0,70607.0,88000.0,Earthquake,1
38.543,44.447,6.0,9.0,3050.0,,Earthquake,1
39.421,40.697,6.0,1.0,6635.0,,Earthquake,1
38.558,44.023,5.0,,278.0,,Earthquake,0
37.913,26.779,7.0,115.0,6034.0,450000.0,Earthquake,1
-2.976,118.901,6.0,110.0,100653.0,58700.0,Earthquake,1
-3.593,129.503,6.0,,750.0,,Earthquake,0
39.789,22.119,59.0,,2711.0,10000.0,Earthquake,1
18.408,-73.475,7.0,2577.0,591763.0,,Earthquake,1
-8.562,112.519,6.0,9.0,5979.0,,Earthquake,1
26.781,92.457,6.0,2.0,3010.0,,Earthquake,1
29.787,50.669,6.0,,3543.0,,Earthquake,1
37.745,141.749,7.0,1.0,7892.0,7500000.0,Earthquake,1
38.475,141.633,7.0,,611.0,550000.0,Earthquake,1
30.22,68.014,6.0,20.0,800.0,,Earthquake,0
34.3,-119.8,6.0,13.0,,8000.0,Earthquake,0
34.1,-119.0,6.0,,,1000.0,Earthquake,0
19.936,-155.098,7.0,,11.0,5750.0,Earthquake,0
42.06,-122.55,6.0,,1560.0,1000.0,Earthquake,1
43.571,15.118,30369.0,12.0,500.0,,Flood,0
-33.749,-55.922,73269.0,,270.0,,Flood,0
9.772,-72.228,24681.0,6.0,2000.0,,Flood,1
412.451,55.844,84662.0,4.0,70050.0,,Flood,1
-331.035,-560.461,112272.0,,360.0,,Flood,0
492.688,23.628,33791.0,3.0,55000.0,153861.0,Flood,1
132.586,444.372,18949.0,10.0,150030.0,10000.0,Flood,1
